x,y,type,walkable,biome,blockId,description,revision,name,businessType
0,0,sidewalk,true,waterfront,0,,2,,
1,0,sidewalk,true,waterfront,0,,2,,
2,0,sidewalk,true,waterfront,0,,2,,
0,1,sidewalk,true,waterfront,0,,2,,
1,1,building,false,waterfront,0,"Nestled at the heart of the city's waterfront area, on the coveted Block 0 at coordinates (1, 1), stands the Azure Vista, a building that embodies the spirit of the sea while presenting a modern architectural marvel. Its striking silhouette, reminiscent of a ship's sail, captures the eye from miles around, making it a celebrated landmark against the city's skyline.

The building's exterior is clad in panels of shimmering blue glass that reflect the changing sky and waters, creating a mesmerizing facade that shifts from the palest sky blue in the morning to a deep ocean indigo at dusk. The glass is punctuated by sleek, white balconies designed to resemble the deck of a luxury liner, offering breathtaking views of the waterfront and beyond.

Azure Vista's structure is a harmonious blend of curves and sharp angles, designed to maximize the panoramic vistas while also providing a shield against the waterfront's brisk winds. The architects have ingeniously incorporated elements of the nautical theme, with railing details inspired by classic yacht designs and circular windows that mimic portholes, further enhancing its maritime charm.

The entrance of the building is marked by a grand canopy that resembles a wave about to crest, leading into a spacious lobby with floors of polished sandstone, evocative of a sandy beach. The lobby is adorned with sculptures and installations that pay homage to the sea, including a striking centerpiece: a large, abstract sculpture that captures the fluidity and grace of water.

Notable for its sustainability, Azure Vista utilizes rainwater harvesting and solar panels discreetly integrated into the sail-like roof, making it not just a visual masterpiece but also a standard-bearer for environmentally conscious design in the heart of the city's waterfront.

Azure Vista is more than just a building; it's a tribute to the sea, a beacon of modern architecture, and a landmark that embodies the dynamic spirit of the waterfront area.",2,,
2,1,sidewalk,true,waterfront,0,,2,,
0,2,sidewalk,true,waterfront,0,,2,,
1,2,sidewalk,true,waterfront,0,,2,,
2,2,sidewalk,true,waterfront,0,,2,,
3,0,sidewalk,true,waterfront,1,,2,,
4,0,sidewalk,true,waterfront,1,,2,,
5,0,sidewalk,true,waterfront,1,,2,,
3,1,sidewalk,true,waterfront,1,,2,,
4,1,building,false,waterfront,1,"Nestled at the edge of the city's bustling waterfront, in Block 1 at the precise coordinates of (4, 1), stands an architectural marvel that effortlessly captures the essence of the area's vibrant spirit. Known as The Azure Crest, this building is a beacon of modern design amidst the historical charm of its surroundings.

The Azure Crest's exterior is a symphony of reflective glass and sleek, white steel, which gleams under the sun's gaze, mirroring the ever-changing hues of the sky and the dynamic waters it overlooks. The structure is designed with an undulating façade, reminiscent of gentle waves, which not only serves as a nod to its waterfront location but also enhances its aerodynamic efficiency, allowing the sea breeze to flow around and through its spaces in a harmonious dance.

Rising ten stories high, The Azure Crest is crowned with a rooftop garden that boasts panoramic views of the waterfront and beyond, providing a lush oasis in the urban landscape. This green space is punctuated with native flora and features a meandering path that invites visitors to wander and find respite amidst the vibrant city life below.

One of the building's most notable architectural features is its innovative use of sustainable materials and technologies. The glass panels are coated with a photovoltaic film that captures solar energy by day, which is then used to illuminate the building's exterior and interior spaces after dusk, casting a warm, inviting glow that can be seen from miles around.

The ground level of The Azure Crest is an open plaza that seamlessly integrates with the waterfront promenade, inviting the public to engage with the space. Here, an array of water features, from serene reflecting pools to interactive fountains, adds to the overall ambiance, creating a dynamic interface between the building and its natural environment.

Internally, The Azure Crest hosts a diverse mix of spaces, including art galleries that showcase local and international artists, boutique retail shops, and gourmet dining experiences that offer terraces overlooking the water, allowing patrons to dine under the stars against the backdrop of the city's skyline.

In essence, The Azure Crest is not just a building; it is a celebration of innovation, sustainability, and community, serving as a landmark that embodies the progressive spirit of the waterfront area. Its presence enriches the city's architectural landscape, making it a destination for locals and visitors alike to explore, gather, and be inspired.",2,,
5,1,sidewalk,true,waterfront,1,,2,,
3,2,sidewalk,true,waterfront,1,,2,,
4,2,sidewalk,true,waterfront,1,,2,,
5,2,sidewalk,true,waterfront,1,,2,,
6,0,sidewalk,true,waterfront,2,,2,,
7,0,sidewalk,true,waterfront,2,,2,,
8,0,sidewalk,true,waterfront,2,,2,,
6,1,sidewalk,true,waterfront,2,,2,,
7,1,building,false,waterfront,2,"Nestled at the heart of the bustling waterfront area of the city, on Block 2 at coordinates (7, 1), stands a remarkable edifice that effortlessly captures the essence of its vibrant surroundings. This building, known to locals and visitors alike as ""The Azure Reflection,"" is a true architectural marvel that mirrors the dynamic interplay between the city and the sea.

From afar, The Azure Reflection appears as a towering beacon of light and glass, its exterior clad in a unique, iridescent material that shifts in hue from a deep sea-blue to a radiant turquoise, depending on the angle of the sun. This chameleon-like facade is not just a visual spectacle but also serves as a symbolic bridge between the urban landscape and the adjacent waters, reflecting the ever-changing moods of the sea and sky.

The building’s architecture is a harmonious blend of modernity and functionality, with clean lines and sweeping curves that evoke the waves crashing against the nearby shore. Its structure is thoughtfully designed to maximize natural lighting, with expansive windows and a transparent central atrium that allows sunlight to penetrate deep into the heart of the building. At night, it transforms into a glowing lantern, casting a warm, welcoming light along the waterfront.

A notable feature of The Azure Reflection is its elevated walkway, which wraps around the building and offers stunning panoramic views of both the cityscape and the waterfront. This walkway is lined with lush, verdant planters that bring a touch of nature to the urban setting, creating a serene environment where visitors can enjoy a moment of tranquility amidst the hustle and bustle of city life.

On the ground level, the building seamlessly integrates with the public space, its open plaza facing the water adorned with artistic sculptures and interactive water features that pay homage to the maritime heritage of the area. The facade facing the plaza is equipped with a state-of-the-art digital screen that displays art and messages, fostering a sense of community and engagement.

The Azure Reflection is not just a building; it's a landmark that encapsulates the spirit of the waterfront area, a place where the boundaries between the built environment and the natural landscape blur. It stands as a testament to innovative design, sustainability, and the power of architecture to enhance the human experience in urban spaces.",2,,
