x,y,type,walkable,biome,blockId,description
0,0,sidewalk,true,residential,0,"Sidewalk with a bike rack and a bench."
1,0,sidewalk,true,residential,0,"Sidewalk with a bike rack and a bench."
2,0,sidewalk,true,residential,0,"A quiet sidewalk lined with trees."
0,1,sidewalk,true,residential,0,"Sidewalk with a bike rack and a bench."
1,1,building,false,residential,0,"A small grocery store packed with goods."
2,1,sidewalk,true,residential,0,"Sidewalk with a newspaper stand."
0,2,sidewalk,true,residential,0,"A quiet sidewalk lined with trees."
1,2,sidewalk,true,residential,0,"Sidewalk outside a bustling cafe."
2,2,sidewalk,true,residential,0,"Sidewalk with a newspaper stand."
3,0,sidewalk,true,commercial,1,"Sidewalk outside a bustling cafe."
4,0,sidewalk,true,commercial,1,"You are on a busy sidewalk in front of a shop."
5,0,sidewalk,true,commercial,1,"You are on a busy sidewalk in front of a shop."
3,1,sidewalk,true,commercial,1,"Sidewalk outside a bustling cafe."
4,1,building,false,commercial,1,"A quiet office space with large windows."
5,1,sidewalk,true,commercial,1,"You are on a busy sidewalk in front of a shop."
3,2,sidewalk,true,commercial,1,"Sidewalk outside a bustling cafe."
4,2,sidewalk,true,commercial,1,"You are on a busy sidewalk in front of a shop."
5,2,sidewalk,true,commercial,1,"Sidewalk with a newspaper stand."
6,0,sidewalk,true,park,2,"You are on a busy sidewalk in front of a shop."
7,0,sidewalk,true,park,2,"Sidewalk with a newspaper stand."
8,0,sidewalk,true,park,2,"Sidewalk with a newspaper stand."
6,1,sidewalk,true,park,2,"Sidewalk with a newspaper stand."
7,1,building,false,park,2,"A small grocery store packed with goods."
8,1,sidewalk,true,park,2,"A quiet sidewalk lined with trees."
6,2,sidewalk,true,park,2,"You are on a busy sidewalk in front of a shop."
7,2,sidewalk,true,park,2,"Sidewalk outside a bustling cafe."
8,2,sidewalk,true,park,2,"Sidewalk with a newspaper stand."
9,0,sidewalk,true,downtown,3,"You are on a busy sidewalk in front of a shop."
10,0,sidewalk,true,downtown,3,"You are on a busy sidewalk in front of a shop."
11,0,sidewalk,true,downtown,3,"Sidewalk outside a bustling cafe."
9,1,sidewalk,true,downtown,3,"Sidewalk with a bike rack and a bench."
10,1,building,false,downtown,3,"A cozy bakery with the smell of fresh bread."
11,1,sidewalk,true,downtown,3,"Sidewalk with a bike rack and a bench."
9,2,sidewalk,true,downtown,3,"Sidewalk outside a bustling cafe."
10,2,sidewalk,true,downtown,3,"Sidewalk with a bike rack and a bench."
11,2,sidewalk,true,downtown,3,"Sidewalk with a bike rack and a bench."
12,0,sidewalk,true,industrial,4,"Sidewalk with a newspaper stand."
13,0,sidewalk,true,industrial,4,"Sidewalk with a newspaper stand."
14,0,sidewalk,true,industrial,4,"Sidewalk outside a bustling cafe."
12,1,sidewalk,true,industrial,4,"Sidewalk with a bike rack and a bench."
13,1,building,false,industrial,4,"A lively coffee shop with people chatting."
14,1,sidewalk,true,industrial,4,"Sidewalk with a newspaper stand."
12,2,sidewalk,true,industrial,4,"Sidewalk with a newspaper stand."
13,2,sidewalk,true,industrial,4,"Sidewalk with a bike rack and a bench."
14,2,sidewalk,true,industrial,4,"You are on a busy sidewalk in front of a shop."
15,0,sidewalk,true,waterfront,5,"You are on a busy sidewalk in front of a shop."
16,0,sidewalk,true,waterfront,5,"Sidewalk with a newspaper stand."
17,0,sidewalk,true,waterfront,5,"Sidewalk with a newspaper stand."
15,1,sidewalk,true,waterfront,5,"Sidewalk outside a bustling cafe."
16,1,building,false,waterfront,5,"A small grocery store packed with goods."
17,1,sidewalk,true,waterfront,5,"Sidewalk outside a bustling cafe."
15,2,sidewalk,true,waterfront,5,"A quiet sidewalk lined with trees."
16,2,sidewalk,true,waterfront,5,"Sidewalk outside a bustling cafe."
17,2,sidewalk,true,waterfront,5,"Sidewalk with a newspaper stand."
18,0,sidewalk,true,mixed-use,6,"Sidewalk with a newspaper stand."
19,0,sidewalk,true,mixed-use,6,"You are on a busy sidewalk in front of a shop."
20,0,sidewalk,true,mixed-use,6,"You are on a busy sidewalk in front of a shop."
18,1,sidewalk,true,mixed-use,6,"Sidewalk with a bike rack and a bench."
19,1,building,false,mixed-use,6,"A quiet office space with large windows."
20,1,sidewalk,true,mixed-use,6,"You are on a busy sidewalk in front of a shop."
18,2,sidewalk,true,mixed-use,6,"A quiet sidewalk lined with trees."
19,2,sidewalk,true,mixed-use,6,"Sidewalk with a bike rack and a bench."
20,2,sidewalk,true,mixed-use,6,"Sidewalk with a bike rack and a bench."
21,0,sidewalk,true,civic,7,"Sidewalk with a newspaper stand."
22,0,sidewalk,true,civic,7,"Sidewalk with a newspaper stand."
23,0,sidewalk,true,civic,7,"Sidewalk with a bike rack and a bench."
21,1,sidewalk,true,civic,7,"A quiet sidewalk lined with trees."
22,1,building,false,civic,7,"You are inside a bustling apartment building."
23,1,sidewalk,true,civic,7,"A quiet sidewalk lined with trees."
21,2,sidewalk,true,civic,7,"Sidewalk with a newspaper stand."
22,2,sidewalk,true,civic,7,"Sidewalk with a bike rack and a bench."
23,2,sidewalk,true,civic,7,"Sidewalk outside a bustling cafe."
24,0,sidewalk,true,residential,8,"Sidewalk outside a bustling cafe."
25,0,sidewalk,true,residential,8,"You are on a busy sidewalk in front of a shop."
26,0,sidewalk,true,residential,8,"Sidewalk with a bike rack and a bench."
24,1,sidewalk,true,residential,8,"Sidewalk with a newspaper stand."
25,1,building,false,residential,8,"A cozy bakery with the smell of fresh bread."
26,1,sidewalk,true,residential,8,"A quiet sidewalk lined with trees."
24,2,sidewalk,true,residential,8,"Sidewalk outside a bustling cafe."
25,2,sidewalk,true,residential,8,"Sidewalk with a bike rack and a bench."
26,2,sidewalk,true,residential,8,"Sidewalk outside a bustling cafe."
27,0,sidewalk,true,commercial,9,"A quiet sidewalk lined with trees."
28,0,sidewalk,true,commercial,9,"Sidewalk with a newspaper stand."
29,0,sidewalk,true,commercial,9,"Sidewalk with a newspaper stand."
27,1,sidewalk,true,commercial,9,"You are on a busy sidewalk in front of a shop."
28,1,building,false,commercial,9,"A small grocery store packed with goods."
29,1,sidewalk,true,commercial,9,"Sidewalk with a bike rack and a bench."
27,2,sidewalk,true,commercial,9,"You are on a busy sidewalk in front of a shop."
28,2,sidewalk,true,commercial,9,"Sidewalk with a bike rack and a bench."
29,2,sidewalk,true,commercial,9,"Sidewalk with a newspaper stand."
30,0,sidewalk,true,park,10,"Sidewalk outside a bustling cafe."
31,0,sidewalk,true,park,10,"A quiet sidewalk lined with trees."
32,0,sidewalk,true,park,10,"A quiet sidewalk lined with trees."
30,1,sidewalk,true,park,10,"Sidewalk with a bike rack and a bench."
31,1,building,false,park,10,"A small grocery store packed with goods."
32,1,sidewalk,true,park,10,"Sidewalk with a newspaper stand."
30,2,sidewalk,true,park,10,"You are on a busy sidewalk in front of a shop."
31,2,sidewalk,true,park,10,"Sidewalk with a bike rack and a bench."
32,2,sidewalk,true,park,10,"Sidewalk outside a bustling cafe."
33,0,sidewalk,true,downtown,11,"You are on a busy sidewalk in front of a shop."
34,0,sidewalk,true,downtown,11,"A quiet sidewalk lined with trees."
35,0,sidewalk,true,downtown,11,"Sidewalk with a bike rack and a bench."
33,1,sidewalk,true,downtown,11,"A quiet sidewalk lined with trees."
34,1,building,false,downtown,11,"A cozy bakery with the smell of fresh bread."
35,1,sidewalk,true,downtown,11,"Sidewalk with a bike rack and a bench."
33,2,sidewalk,true,downtown,11,"Sidewalk with a newspaper stand."
34,2,sidewalk,true,downtown,11,"Sidewalk with a newspaper stand."
35,2,sidewalk,true,downtown,11,"Sidewalk with a bike rack and a bench."
0,3,sidewalk,true,industrial,12,"Sidewalk with a newspaper stand."
1,3,sidewalk,true,industrial,12,"Sidewalk with a bike rack and a bench."
2,3,sidewalk,true,industrial,12,"Sidewalk with a newspaper stand."
0,4,sidewalk,true,industrial,12,"You are on a busy sidewalk in front of a shop."
1,4,building,false,industrial,12,"A quiet office space with large windows."
2,4,sidewalk,true,industrial,12,"Sidewalk outside a bustling cafe."
0,5,sidewalk,true,industrial,12,"Sidewalk with a newspaper stand."
1,5,sidewalk,true,industrial,12,"Sidewalk with a newspaper stand."
2,5,sidewalk,true,industrial,12,"Sidewalk with a bike rack and a bench."
3,3,sidewalk,true,waterfront,13,"Sidewalk with a bike rack and a bench."
4,3,sidewalk,true,waterfront,13,"A quiet sidewalk lined with trees."
5,3,sidewalk,true,waterfront,13,"Sidewalk outside a bustling cafe."
3,4,sidewalk,true,waterfront,13,"Sidewalk with a newspaper stand."
4,4,building,false,waterfront,13,"A cozy bakery with the smell of fresh bread."
5,4,sidewalk,true,waterfront,13,"Sidewalk outside a bustling cafe."
3,5,sidewalk,true,waterfront,13,"Sidewalk with a newspaper stand."
4,5,sidewalk,true,waterfront,13,"You are on a busy sidewalk in front of a shop."
5,5,sidewalk,true,waterfront,13,"You are on a busy sidewalk in front of a shop."
6,3,sidewalk,true,mixed-use,14,"Sidewalk with a bike rack and a bench."
7,3,sidewalk,true,mixed-use,14,"A quiet sidewalk lined with trees."
8,3,sidewalk,true,mixed-use,14,"A quiet sidewalk lined with trees."
6,4,sidewalk,true,mixed-use,14,"A quiet sidewalk lined with trees."
7,4,building,false,mixed-use,14,"A cozy bakery with the smell of fresh bread."
8,4,sidewalk,true,mixed-use,14,"You are on a busy sidewalk in front of a shop."
6,5,sidewalk,true,mixed-use,14,"A quiet sidewalk lined with trees."
7,5,sidewalk,true,mixed-use,14,"Sidewalk with a newspaper stand."
8,5,sidewalk,true,mixed-use,14,"Sidewalk with a bike rack and a bench."
9,3,sidewalk,true,civic,15,"Sidewalk with a bike rack and a bench."
10,3,sidewalk,true,civic,15,"Sidewalk with a newspaper stand."
11,3,sidewalk,true,civic,15,"Sidewalk outside a bustling cafe."
9,4,sidewalk,true,civic,15,"You are on a busy sidewalk in front of a shop."
10,4,building,false,civic,15,"A quiet office space with large windows."
11,4,sidewalk,true,civic,15,"Sidewalk with a newspaper stand."
9,5,sidewalk,true,civic,15,"Sidewalk with a bike rack and a bench."
10,5,sidewalk,true,civic,15,"Sidewalk with a newspaper stand."
11,5,sidewalk,true,civic,15,"Sidewalk outside a bustling cafe."
12,3,sidewalk,true,residential,16,"Sidewalk outside a bustling cafe."
13,3,sidewalk,true,residential,16,"Sidewalk outside a bustling cafe."
14,3,sidewalk,true,residential,16,"Sidewalk outside a bustling cafe."
12,4,sidewalk,true,residential,16,"Sidewalk outside a bustling cafe."
13,4,building,false,residential,16,"You are inside a bustling apartment building."
14,4,sidewalk,true,residential,16,"Sidewalk with a newspaper stand."
12,5,sidewalk,true,residential,16,"Sidewalk outside a bustling cafe."
13,5,sidewalk,true,residential,16,"Sidewalk outside a bustling cafe."
14,5,sidewalk,true,residential,16,"You are on a busy sidewalk in front of a shop."
15,3,sidewalk,true,commercial,17,"Sidewalk with a bike rack and a bench."
16,3,sidewalk,true,commercial,17,"A quiet sidewalk lined with trees."
17,3,sidewalk,true,commercial,17,"You are on a busy sidewalk in front of a shop."
15,4,sidewalk,true,commercial,17,"Sidewalk outside a bustling cafe."
16,4,building,false,commercial,17,"A quiet office space with large windows."
17,4,sidewalk,true,commercial,17,"Sidewalk with a bike rack and a bench."
15,5,sidewalk,true,commercial,17,"Sidewalk with a newspaper stand."
16,5,sidewalk,true,commercial,17,"Sidewalk outside a bustling cafe."
17,5,sidewalk,true,commercial,17,"You are on a busy sidewalk in front of a shop."
18,3,sidewalk,true,park,18,"A quiet sidewalk lined with trees."
19,3,sidewalk,true,park,18,"You are on a busy sidewalk in front of a shop."
20,3,sidewalk,true,park,18,"You are on a busy sidewalk in front of a shop."
18,4,sidewalk,true,park,18,"Sidewalk outside a bustling cafe."
19,4,building,false,park,18,"You are inside a bustling apartment building."
20,4,sidewalk,true,park,18,"Sidewalk with a bike rack and a bench."
18,5,sidewalk,true,park,18,"Sidewalk with a bike rack and a bench."
19,5,sidewalk,true,park,18,"Sidewalk outside a bustling cafe."
20,5,sidewalk,true,park,18,"Sidewalk with a bike rack and a bench."
21,3,sidewalk,true,downtown,19,"Sidewalk outside a bustling cafe."
22,3,sidewalk,true,downtown,19,"A quiet sidewalk lined with trees."
23,3,sidewalk,true,downtown,19,"A quiet sidewalk lined with trees."
21,4,sidewalk,true,downtown,19,"You are on a busy sidewalk in front of a shop."
22,4,building,false,downtown,19,"You are inside a bustling apartment building."
23,4,sidewalk,true,downtown,19,"You are on a busy sidewalk in front of a shop."
21,5,sidewalk,true,downtown,19,"Sidewalk outside a bustling cafe."
22,5,sidewalk,true,downtown,19,"You are on a busy sidewalk in front of a shop."
23,5,sidewalk,true,downtown,19,"A quiet sidewalk lined with trees."
24,3,sidewalk,true,industrial,20,"Sidewalk with a bike rack and a bench."
25,3,sidewalk,true,industrial,20,"Sidewalk with a newspaper stand."
26,3,sidewalk,true,industrial,20,"A quiet sidewalk lined with trees."
24,4,sidewalk,true,industrial,20,"Sidewalk with a bike rack and a bench."
25,4,building,false,industrial,20,"You are inside a bustling apartment building."
26,4,sidewalk,true,industrial,20,"Sidewalk with a bike rack and a bench."
24,5,sidewalk,true,industrial,20,"Sidewalk with a bike rack and a bench."
25,5,sidewalk,true,industrial,20,"Sidewalk with a bike rack and a bench."
26,5,sidewalk,true,industrial,20,"Sidewalk with a newspaper stand."
27,3,sidewalk,true,waterfront,21,"You are on a busy sidewalk in front of a shop."
28,3,sidewalk,true,waterfront,21,"Sidewalk with a newspaper stand."
29,3,sidewalk,true,waterfront,21,"Sidewalk with a newspaper stand."
27,4,sidewalk,true,waterfront,21,"You are on a busy sidewalk in front of a shop."
28,4,building,false,waterfront,21,"A small grocery store packed with goods."
29,4,sidewalk,true,waterfront,21,"Sidewalk with a newspaper stand."
27,5,sidewalk,true,waterfront,21,"Sidewalk with a bike rack and a bench."
28,5,sidewalk,true,waterfront,21,"Sidewalk with a newspaper stand."
29,5,sidewalk,true,waterfront,21,"A quiet sidewalk lined with trees."
30,3,sidewalk,true,mixed-use,22,"Sidewalk with a bike rack and a bench."
31,3,sidewalk,true,mixed-use,22,"A quiet sidewalk lined with trees."
32,3,sidewalk,true,mixed-use,22,"Sidewalk with a newspaper stand."
30,4,sidewalk,true,mixed-use,22,"Sidewalk with a newspaper stand."
31,4,building,false,mixed-use,22,"A quiet office space with large windows."
32,4,sidewalk,true,mixed-use,22,"Sidewalk with a newspaper stand."
30,5,sidewalk,true,mixed-use,22,"Sidewalk with a newspaper stand."
31,5,sidewalk,true,mixed-use,22,"Sidewalk with a newspaper stand."
32,5,sidewalk,true,mixed-use,22,"Sidewalk with a newspaper stand."
33,3,sidewalk,true,civic,23,"Sidewalk with a bike rack and a bench."
34,3,sidewalk,true,civic,23,"You are on a busy sidewalk in front of a shop."
35,3,sidewalk,true,civic,23,"Sidewalk with a bike rack and a bench."
33,4,sidewalk,true,civic,23,"You are on a busy sidewalk in front of a shop."
34,4,building,false,civic,23,"You are inside a bustling apartment building."
35,4,sidewalk,true,civic,23,"A quiet sidewalk lined with trees."
33,5,sidewalk,true,civic,23,"A quiet sidewalk lined with trees."
34,5,sidewalk,true,civic,23,"Sidewalk with a bike rack and a bench."
35,5,sidewalk,true,civic,23,"Sidewalk with a bike rack and a bench."
0,6,sidewalk,true,residential,24,"Sidewalk with a bike rack and a bench."
1,6,sidewalk,true,residential,24,"A quiet sidewalk lined with trees."
2,6,sidewalk,true,residential,24,"Sidewalk with a newspaper stand."
0,7,sidewalk,true,residential,24,"Sidewalk with a bike rack and a bench."
1,7,building,false,residential,24,"A small grocery store packed with goods."
2,7,sidewalk,true,residential,24,"You are on a busy sidewalk in front of a shop."
0,8,sidewalk,true,residential,24,"Sidewalk with a bike rack and a bench."
1,8,sidewalk,true,residential,24,"You are on a busy sidewalk in front of a shop."
2,8,sidewalk,true,residential,24,"Sidewalk with a newspaper stand."
3,6,sidewalk,true,commercial,25,"A quiet sidewalk lined with trees."
4,6,sidewalk,true,commercial,25,"Sidewalk outside a bustling cafe."
5,6,sidewalk,true,commercial,25,"A quiet sidewalk lined with trees."
3,7,sidewalk,true,commercial,25,"Sidewalk with a newspaper stand."
4,7,building,false,commercial,25,"A quiet office space with large windows."
5,7,sidewalk,true,commercial,25,"You are on a busy sidewalk in front of a shop."
3,8,sidewalk,true,commercial,25,"Sidewalk outside a bustling cafe."
4,8,sidewalk,true,commercial,25,"You are on a busy sidewalk in front of a shop."
5,8,sidewalk,true,commercial,25,"Sidewalk with a bike rack and a bench."
6,6,sidewalk,true,park,26,"Sidewalk with a bike rack and a bench."
7,6,sidewalk,true,park,26,"Sidewalk with a bike rack and a bench."
8,6,sidewalk,true,park,26,"A quiet sidewalk lined with trees."
6,7,sidewalk,true,park,26,"You are on a busy sidewalk in front of a shop."
7,7,building,false,park,26,"A quiet office space with large windows."
8,7,sidewalk,true,park,26,"Sidewalk with a bike rack and a bench."
6,8,sidewalk,true,park,26,"Sidewalk with a bike rack and a bench."
7,8,sidewalk,true,park,26,"A quiet sidewalk lined with trees."
8,8,sidewalk,true,park,26,"A quiet sidewalk lined with trees."
9,6,sidewalk,true,downtown,27,"A quiet sidewalk lined with trees."
10,6,sidewalk,true,downtown,27,"Sidewalk outside a bustling cafe."
11,6,sidewalk,true,downtown,27,"A quiet sidewalk lined with trees."
9,7,sidewalk,true,downtown,27,"You are on a busy sidewalk in front of a shop."
10,7,building,false,downtown,27,"A quiet office space with large windows."
11,7,sidewalk,true,downtown,27,"You are on a busy sidewalk in front of a shop."
9,8,sidewalk,true,downtown,27,"Sidewalk with a newspaper stand."
10,8,sidewalk,true,downtown,27,"A quiet sidewalk lined with trees."
11,8,sidewalk,true,downtown,27,"Sidewalk with a bike rack and a bench."
12,6,sidewalk,true,industrial,28,"Sidewalk with a newspaper stand."
13,6,sidewalk,true,industrial,28,"You are on a busy sidewalk in front of a shop."
14,6,sidewalk,true,industrial,28,"Sidewalk with a bike rack and a bench."
12,7,sidewalk,true,industrial,28,"Sidewalk with a newspaper stand."
13,7,building,false,industrial,28,"A small grocery store packed with goods."
14,7,sidewalk,true,industrial,28,"Sidewalk with a newspaper stand."
12,8,sidewalk,true,industrial,28,"Sidewalk outside a bustling cafe."
13,8,sidewalk,true,industrial,28,"You are on a busy sidewalk in front of a shop."
14,8,sidewalk,true,industrial,28,"You are on a busy sidewalk in front of a shop."
15,6,sidewalk,true,waterfront,29,"Sidewalk with a bike rack and a bench."
16,6,sidewalk,true,waterfront,29,"You are on a busy sidewalk in front of a shop."
17,6,sidewalk,true,waterfront,29,"You are on a busy sidewalk in front of a shop."
15,7,sidewalk,true,waterfront,29,"A quiet sidewalk lined with trees."
16,7,building,false,waterfront,29,"A quiet office space with large windows."
17,7,sidewalk,true,waterfront,29,"Sidewalk outside a bustling cafe."
15,8,sidewalk,true,waterfront,29,"Sidewalk with a bike rack and a bench."
16,8,sidewalk,true,waterfront,29,"A quiet sidewalk lined with trees."
17,8,sidewalk,true,waterfront,29,"Sidewalk with a bike rack and a bench."
18,6,sidewalk,true,mixed-use,30,"Sidewalk outside a bustling cafe."
19,6,sidewalk,true,mixed-use,30,"Sidewalk outside a bustling cafe."
20,6,sidewalk,true,mixed-use,30,"Sidewalk with a newspaper stand."
18,7,sidewalk,true,mixed-use,30,"A quiet sidewalk lined with trees."
19,7,building,false,mixed-use,30,"You are inside a bustling apartment building."
20,7,sidewalk,true,mixed-use,30,"Sidewalk with a newspaper stand."
18,8,sidewalk,true,mixed-use,30,"Sidewalk with a bike rack and a bench."
19,8,sidewalk,true,mixed-use,30,"Sidewalk outside a bustling cafe."
20,8,sidewalk,true,mixed-use,30,"Sidewalk outside a bustling cafe."
21,6,sidewalk,true,civic,31,"Sidewalk with a newspaper stand."
22,6,sidewalk,true,civic,31,"A quiet sidewalk lined with trees."
23,6,sidewalk,true,civic,31,"You are on a busy sidewalk in front of a shop."
21,7,sidewalk,true,civic,31,"Sidewalk with a newspaper stand."
22,7,building,false,civic,31,"A small grocery store packed with goods."
23,7,sidewalk,true,civic,31,"Sidewalk outside a bustling cafe."
21,8,sidewalk,true,civic,31,"Sidewalk outside a bustling cafe."
22,8,sidewalk,true,civic,31,"Sidewalk with a bike rack and a bench."
23,8,sidewalk,true,civic,31,"Sidewalk outside a bustling cafe."
24,6,sidewalk,true,residential,32,"A quiet sidewalk lined with trees."
25,6,sidewalk,true,residential,32,"Sidewalk outside a bustling cafe."
26,6,sidewalk,true,residential,32,"Sidewalk outside a bustling cafe."
24,7,sidewalk,true,residential,32,"Sidewalk with a newspaper stand."
25,7,building,false,residential,32,"A lively coffee shop with people chatting."
26,7,sidewalk,true,residential,32,"Sidewalk outside a bustling cafe."
24,8,sidewalk,true,residential,32,"Sidewalk outside a bustling cafe."
25,8,sidewalk,true,residential,32,"Sidewalk with a bike rack and a bench."
26,8,sidewalk,true,residential,32,"You are on a busy sidewalk in front of a shop."
27,6,sidewalk,true,commercial,33,"A quiet sidewalk lined with trees."
28,6,sidewalk,true,commercial,33,"Sidewalk outside a bustling cafe."
29,6,sidewalk,true,commercial,33,"Sidewalk outside a bustling cafe."
27,7,sidewalk,true,commercial,33,"A quiet sidewalk lined with trees."
28,7,building,false,commercial,33,"A small grocery store packed with goods."
29,7,sidewalk,true,commercial,33,"Sidewalk with a bike rack and a bench."
27,8,sidewalk,true,commercial,33,"A quiet sidewalk lined with trees."
28,8,sidewalk,true,commercial,33,"Sidewalk with a bike rack and a bench."
29,8,sidewalk,true,commercial,33,"Sidewalk with a bike rack and a bench."
30,6,sidewalk,true,park,34,"You are on a busy sidewalk in front of a shop."
31,6,sidewalk,true,park,34,"You are on a busy sidewalk in front of a shop."
32,6,sidewalk,true,park,34,"Sidewalk with a newspaper stand."
30,7,sidewalk,true,park,34,"A quiet sidewalk lined with trees."
31,7,building,false,park,34,"A cozy bakery with the smell of fresh bread."
32,7,sidewalk,true,park,34,"Sidewalk with a newspaper stand."
30,8,sidewalk,true,park,34,"Sidewalk with a newspaper stand."
31,8,sidewalk,true,park,34,"Sidewalk with a bike rack and a bench."
32,8,sidewalk,true,park,34,"Sidewalk outside a bustling cafe."
33,6,sidewalk,true,downtown,35,"A quiet sidewalk lined with trees."
34,6,sidewalk,true,downtown,35,"A quiet sidewalk lined with trees."
35,6,sidewalk,true,downtown,35,"Sidewalk with a bike rack and a bench."
33,7,sidewalk,true,downtown,35,"Sidewalk with a bike rack and a bench."
34,7,building,false,downtown,35,"A small grocery store packed with goods."
35,7,sidewalk,true,downtown,35,"Sidewalk with a bike rack and a bench."
33,8,sidewalk,true,downtown,35,"Sidewalk with a newspaper stand."
34,8,sidewalk,true,downtown,35,"Sidewalk with a bike rack and a bench."
35,8,sidewalk,true,downtown,35,"You are on a busy sidewalk in front of a shop."
0,9,sidewalk,true,industrial,36,"Sidewalk outside a bustling cafe."
1,9,sidewalk,true,industrial,36,"You are on a busy sidewalk in front of a shop."
2,9,sidewalk,true,industrial,36,"You are on a busy sidewalk in front of a shop."
0,10,sidewalk,true,industrial,36,"Sidewalk outside a bustling cafe."
1,10,building,false,industrial,36,"A cozy bakery with the smell of fresh bread."
2,10,sidewalk,true,industrial,36,"Sidewalk outside a bustling cafe."
0,11,sidewalk,true,industrial,36,"You are on a busy sidewalk in front of a shop."
1,11,sidewalk,true,industrial,36,"Sidewalk with a bike rack and a bench."
2,11,sidewalk,true,industrial,36,"You are on a busy sidewalk in front of a shop."
3,9,sidewalk,true,waterfront,37,"You are on a busy sidewalk in front of a shop."
4,9,sidewalk,true,waterfront,37,"Sidewalk with a newspaper stand."
5,9,sidewalk,true,waterfront,37,"You are on a busy sidewalk in front of a shop."
3,10,sidewalk,true,waterfront,37,"Sidewalk with a bike rack and a bench."
4,10,building,false,waterfront,37,"A quiet office space with large windows."
5,10,sidewalk,true,waterfront,37,"Sidewalk outside a bustling cafe."
3,11,sidewalk,true,waterfront,37,"You are on a busy sidewalk in front of a shop."
4,11,sidewalk,true,waterfront,37,"Sidewalk with a newspaper stand."
5,11,sidewalk,true,waterfront,37,"Sidewalk with a newspaper stand."
6,9,sidewalk,true,mixed-use,38,"Sidewalk with a newspaper stand."
7,9,sidewalk,true,mixed-use,38,"Sidewalk with a newspaper stand."
8,9,sidewalk,true,mixed-use,38,"You are on a busy sidewalk in front of a shop."
6,10,sidewalk,true,mixed-use,38,"Sidewalk with a bike rack and a bench."
7,10,building,false,mixed-use,38,"You are inside a bustling apartment building."
8,10,sidewalk,true,mixed-use,38,"Sidewalk with a bike rack and a bench."
6,11,sidewalk,true,mixed-use,38,"A quiet sidewalk lined with trees."
7,11,sidewalk,true,mixed-use,38,"Sidewalk with a newspaper stand."
8,11,sidewalk,true,mixed-use,38,"You are on a busy sidewalk in front of a shop."
9,9,sidewalk,true,civic,39,"Sidewalk with a bike rack and a bench."
10,9,sidewalk,true,civic,39,"A quiet sidewalk lined with trees."
11,9,sidewalk,true,civic,39,"Sidewalk with a bike rack and a bench."
9,10,sidewalk,true,civic,39,"Sidewalk outside a bustling cafe."
10,10,building,false,civic,39,"A lively coffee shop with people chatting."
11,10,sidewalk,true,civic,39,"Sidewalk with a newspaper stand."
9,11,sidewalk,true,civic,39,"Sidewalk with a newspaper stand."
10,11,sidewalk,true,civic,39,"A quiet sidewalk lined with trees."
11,11,sidewalk,true,civic,39,"Sidewalk with a bike rack and a bench."
12,9,sidewalk,true,residential,40,"Sidewalk outside a bustling cafe."
13,9,sidewalk,true,residential,40,"You are on a busy sidewalk in front of a shop."
14,9,sidewalk,true,residential,40,"A quiet sidewalk lined with trees."
12,10,sidewalk,true,residential,40,"Sidewalk outside a bustling cafe."
13,10,building,false,residential,40,"A quiet office space with large windows."
14,10,sidewalk,true,residential,40,"You are on a busy sidewalk in front of a shop."
12,11,sidewalk,true,residential,40,"A quiet sidewalk lined with trees."
13,11,sidewalk,true,residential,40,"You are on a busy sidewalk in front of a shop."
14,11,sidewalk,true,residential,40,"Sidewalk with a newspaper stand."
15,9,sidewalk,true,commercial,41,"Sidewalk with a newspaper stand."
16,9,sidewalk,true,commercial,41,"Sidewalk with a bike rack and a bench."
17,9,sidewalk,true,commercial,41,"Sidewalk with a newspaper stand."
15,10,sidewalk,true,commercial,41,"Sidewalk with a newspaper stand."
16,10,building,false,commercial,41,"A small grocery store packed with goods."
17,10,sidewalk,true,commercial,41,"Sidewalk outside a bustling cafe."
15,11,sidewalk,true,commercial,41,"Sidewalk with a bike rack and a bench."
16,11,sidewalk,true,commercial,41,"A quiet sidewalk lined with trees."
17,11,sidewalk,true,commercial,41,"Sidewalk outside a bustling cafe."
18,9,sidewalk,true,park,42,"Sidewalk outside a bustling cafe."
19,9,sidewalk,true,park,42,"A quiet sidewalk lined with trees."
20,9,sidewalk,true,park,42,"You are on a busy sidewalk in front of a shop."
18,10,sidewalk,true,park,42,"Sidewalk with a newspaper stand."
19,10,building,false,park,42,"A cozy bakery with the smell of fresh bread."
20,10,sidewalk,true,park,42,"You are on a busy sidewalk in front of a shop."
18,11,sidewalk,true,park,42,"You are on a busy sidewalk in front of a shop."
19,11,sidewalk,true,park,42,"Sidewalk outside a bustling cafe."
20,11,sidewalk,true,park,42,"Sidewalk with a bike rack and a bench."
21,9,sidewalk,true,downtown,43,"A quiet sidewalk lined with trees."
22,9,sidewalk,true,downtown,43,"Sidewalk outside a bustling cafe."
23,9,sidewalk,true,downtown,43,"You are on a busy sidewalk in front of a shop."
21,10,sidewalk,true,downtown,43,"Sidewalk outside a bustling cafe."
22,10,building,false,downtown,43,"A small grocery store packed with goods."
23,10,sidewalk,true,downtown,43,"Sidewalk with a newspaper stand."
21,11,sidewalk,true,downtown,43,"A quiet sidewalk lined with trees."
22,11,sidewalk,true,downtown,43,"A quiet sidewalk lined with trees."
23,11,sidewalk,true,downtown,43,"Sidewalk outside a bustling cafe."
24,9,sidewalk,true,industrial,44,"A quiet sidewalk lined with trees."
25,9,sidewalk,true,industrial,44,"A quiet sidewalk lined with trees."
26,9,sidewalk,true,industrial,44,"A quiet sidewalk lined with trees."
24,10,sidewalk,true,industrial,44,"A quiet sidewalk lined with trees."
25,10,building,false,industrial,44,"You are inside a bustling apartment building."
26,10,sidewalk,true,industrial,44,"A quiet sidewalk lined with trees."
24,11,sidewalk,true,industrial,44,"You are on a busy sidewalk in front of a shop."
25,11,sidewalk,true,industrial,44,"Sidewalk with a bike rack and a bench."
26,11,sidewalk,true,industrial,44,"Sidewalk with a newspaper stand."
27,9,sidewalk,true,waterfront,45,"You are on a busy sidewalk in front of a shop."
28,9,sidewalk,true,waterfront,45,"Sidewalk outside a bustling cafe."
29,9,sidewalk,true,waterfront,45,"Sidewalk outside a bustling cafe."
27,10,sidewalk,true,waterfront,45,"You are on a busy sidewalk in front of a shop."
28,10,building,false,waterfront,45,"A quiet office space with large windows."
29,10,sidewalk,true,waterfront,45,"Sidewalk with a newspaper stand."
27,11,sidewalk,true,waterfront,45,"You are on a busy sidewalk in front of a shop."
28,11,sidewalk,true,waterfront,45,"Sidewalk with a newspaper stand."
29,11,sidewalk,true,waterfront,45,"A quiet sidewalk lined with trees."
30,9,sidewalk,true,mixed-use,46,"You are on a busy sidewalk in front of a shop."
31,9,sidewalk,true,mixed-use,46,"You are on a busy sidewalk in front of a shop."
32,9,sidewalk,true,mixed-use,46,"Sidewalk with a bike rack and a bench."
30,10,sidewalk,true,mixed-use,46,"Sidewalk outside a bustling cafe."
31,10,building,false,mixed-use,46,"You are inside a bustling apartment building."
32,10,sidewalk,true,mixed-use,46,"Sidewalk with a bike rack and a bench."
30,11,sidewalk,true,mixed-use,46,"A quiet sidewalk lined with trees."
31,11,sidewalk,true,mixed-use,46,"Sidewalk outside a bustling cafe."
32,11,sidewalk,true,mixed-use,46,"Sidewalk outside a bustling cafe."
33,9,sidewalk,true,civic,47,"A quiet sidewalk lined with trees."
34,9,sidewalk,true,civic,47,"Sidewalk outside a bustling cafe."
35,9,sidewalk,true,civic,47,"Sidewalk outside a bustling cafe."
33,10,sidewalk,true,civic,47,"You are on a busy sidewalk in front of a shop."
34,10,building,false,civic,47,"You are inside a bustling apartment building."
35,10,sidewalk,true,civic,47,"Sidewalk with a newspaper stand."
33,11,sidewalk,true,civic,47,"A quiet sidewalk lined with trees."
34,11,sidewalk,true,civic,47,"Sidewalk with a newspaper stand."
35,11,sidewalk,true,civic,47,"A quiet sidewalk lined with trees."
0,12,sidewalk,true,residential,48,"Sidewalk outside a bustling cafe."
1,12,sidewalk,true,residential,48,"A quiet sidewalk lined with trees."
2,12,sidewalk,true,residential,48,"You are on a busy sidewalk in front of a shop."
0,13,sidewalk,true,residential,48,"Sidewalk with a bike rack and a bench."
1,13,building,false,residential,48,"A cozy bakery with the smell of fresh bread."
2,13,sidewalk,true,residential,48,"Sidewalk with a newspaper stand."
0,14,sidewalk,true,residential,48,"Sidewalk with a newspaper stand."
1,14,sidewalk,true,residential,48,"Sidewalk with a newspaper stand."
2,14,sidewalk,true,residential,48,"Sidewalk with a newspaper stand."
3,12,sidewalk,true,commercial,49,"You are on a busy sidewalk in front of a shop."
4,12,sidewalk,true,commercial,49,"Sidewalk with a bike rack and a bench."
5,12,sidewalk,true,commercial,49,"Sidewalk with a newspaper stand."
3,13,sidewalk,true,commercial,49,"You are on a busy sidewalk in front of a shop."
4,13,building,false,commercial,49,"A lively coffee shop with people chatting."
5,13,sidewalk,true,commercial,49,"Sidewalk outside a bustling cafe."
3,14,sidewalk,true,commercial,49,"Sidewalk with a newspaper stand."
4,14,sidewalk,true,commercial,49,"Sidewalk outside a bustling cafe."
5,14,sidewalk,true,commercial,49,"A quiet sidewalk lined with trees."
6,12,sidewalk,true,park,50,"Sidewalk with a newspaper stand."
7,12,sidewalk,true,park,50,"Sidewalk with a newspaper stand."
8,12,sidewalk,true,park,50,"Sidewalk with a bike rack and a bench."
6,13,sidewalk,true,park,50,"A quiet sidewalk lined with trees."
7,13,building,false,park,50,"A cozy bakery with the smell of fresh bread."
8,13,sidewalk,true,park,50,"Sidewalk with a newspaper stand."
6,14,sidewalk,true,park,50,"Sidewalk with a bike rack and a bench."
7,14,sidewalk,true,park,50,"A quiet sidewalk lined with trees."
8,14,sidewalk,true,park,50,"You are on a busy sidewalk in front of a shop."
9,12,sidewalk,true,downtown,51,"A quiet sidewalk lined with trees."
10,12,sidewalk,true,downtown,51,"Sidewalk with a bike rack and a bench."
11,12,sidewalk,true,downtown,51,"Sidewalk with a newspaper stand."
9,13,sidewalk,true,downtown,51,"Sidewalk with a bike rack and a bench."
10,13,building,false,downtown,51,"A quiet office space with large windows."
11,13,sidewalk,true,downtown,51,"Sidewalk with a newspaper stand."
9,14,sidewalk,true,downtown,51,"Sidewalk with a bike rack and a bench."
10,14,sidewalk,true,downtown,51,"Sidewalk with a bike rack and a bench."
11,14,sidewalk,true,downtown,51,"Sidewalk outside a bustling cafe."
12,12,sidewalk,true,industrial,52,"You are on a busy sidewalk in front of a shop."
13,12,sidewalk,true,industrial,52,"You are on a busy sidewalk in front of a shop."
14,12,sidewalk,true,industrial,52,"You are on a busy sidewalk in front of a shop."
12,13,sidewalk,true,industrial,52,"Sidewalk outside a bustling cafe."
13,13,building,false,industrial,52,"A small grocery store packed with goods."
14,13,sidewalk,true,industrial,52,"Sidewalk with a bike rack and a bench."
12,14,sidewalk,true,industrial,52,"You are on a busy sidewalk in front of a shop."
13,14,sidewalk,true,industrial,52,"Sidewalk with a bike rack and a bench."
14,14,sidewalk,true,industrial,52,"Sidewalk with a newspaper stand."
15,12,sidewalk,true,waterfront,53,"You are on a busy sidewalk in front of a shop."
16,12,sidewalk,true,waterfront,53,"Sidewalk with a bike rack and a bench."
17,12,sidewalk,true,waterfront,53,"Sidewalk outside a bustling cafe."
15,13,sidewalk,true,waterfront,53,"Sidewalk outside a bustling cafe."
16,13,building,false,waterfront,53,"A quiet office space with large windows."
17,13,sidewalk,true,waterfront,53,"A quiet sidewalk lined with trees."
15,14,sidewalk,true,waterfront,53,"Sidewalk outside a bustling cafe."
16,14,sidewalk,true,waterfront,53,"Sidewalk with a bike rack and a bench."
17,14,sidewalk,true,waterfront,53,"A quiet sidewalk lined with trees."
18,12,sidewalk,true,mixed-use,54,"Sidewalk with a newspaper stand."
19,12,sidewalk,true,mixed-use,54,"Sidewalk outside a bustling cafe."
20,12,sidewalk,true,mixed-use,54,"You are on a busy sidewalk in front of a shop."
18,13,sidewalk,true,mixed-use,54,"A quiet sidewalk lined with trees."
19,13,building,false,mixed-use,54,"A cozy bakery with the smell of fresh bread."
20,13,sidewalk,true,mixed-use,54,"You are on a busy sidewalk in front of a shop."
18,14,sidewalk,true,mixed-use,54,"Sidewalk outside a bustling cafe."
19,14,sidewalk,true,mixed-use,54,"A quiet sidewalk lined with trees."
20,14,sidewalk,true,mixed-use,54,"Sidewalk with a bike rack and a bench."
21,12,sidewalk,true,civic,55,"Sidewalk with a newspaper stand."
22,12,sidewalk,true,civic,55,"Sidewalk with a newspaper stand."
23,12,sidewalk,true,civic,55,"Sidewalk with a bike rack and a bench."
21,13,sidewalk,true,civic,55,"A quiet sidewalk lined with trees."
22,13,building,false,civic,55,"A quiet office space with large windows."
23,13,sidewalk,true,civic,55,"Sidewalk with a bike rack and a bench."
21,14,sidewalk,true,civic,55,"Sidewalk with a bike rack and a bench."
22,14,sidewalk,true,civic,55,"A quiet sidewalk lined with trees."
23,14,sidewalk,true,civic,55,"You are on a busy sidewalk in front of a shop."
24,12,sidewalk,true,residential,56,"Sidewalk with a bike rack and a bench."
25,12,sidewalk,true,residential,56,"A quiet sidewalk lined with trees."
26,12,sidewalk,true,residential,56,"Sidewalk with a newspaper stand."
24,13,sidewalk,true,residential,56,"You are on a busy sidewalk in front of a shop."
25,13,building,false,residential,56,"A quiet office space with large windows."
26,13,sidewalk,true,residential,56,"You are on a busy sidewalk in front of a shop."
24,14,sidewalk,true,residential,56,"Sidewalk with a bike rack and a bench."
25,14,sidewalk,true,residential,56,"A quiet sidewalk lined with trees."
26,14,sidewalk,true,residential,56,"Sidewalk with a bike rack and a bench."
27,12,sidewalk,true,commercial,57,"You are on a busy sidewalk in front of a shop."
28,12,sidewalk,true,commercial,57,"A quiet sidewalk lined with trees."
29,12,sidewalk,true,commercial,57,"Sidewalk with a bike rack and a bench."
27,13,sidewalk,true,commercial,57,"Sidewalk outside a bustling cafe."
28,13,building,false,commercial,57,"A small grocery store packed with goods."
29,13,sidewalk,true,commercial,57,"Sidewalk outside a bustling cafe."
27,14,sidewalk,true,commercial,57,"Sidewalk outside a bustling cafe."
28,14,sidewalk,true,commercial,57,"A quiet sidewalk lined with trees."
29,14,sidewalk,true,commercial,57,"You are on a busy sidewalk in front of a shop."
30,12,sidewalk,true,park,58,"Sidewalk with a bike rack and a bench."
31,12,sidewalk,true,park,58,"Sidewalk with a bike rack and a bench."
32,12,sidewalk,true,park,58,"Sidewalk outside a bustling cafe."
30,13,sidewalk,true,park,58,"Sidewalk with a newspaper stand."
31,13,building,false,park,58,"A lively coffee shop with people chatting."
32,13,sidewalk,true,park,58,"Sidewalk with a bike rack and a bench."
30,14,sidewalk,true,park,58,"You are on a busy sidewalk in front of a shop."
31,14,sidewalk,true,park,58,"Sidewalk with a bike rack and a bench."
32,14,sidewalk,true,park,58,"Sidewalk with a newspaper stand."
33,12,sidewalk,true,downtown,59,"Sidewalk with a newspaper stand."
34,12,sidewalk,true,downtown,59,"Sidewalk with a bike rack and a bench."
35,12,sidewalk,true,downtown,59,"A quiet sidewalk lined with trees."
33,13,sidewalk,true,downtown,59,"A quiet sidewalk lined with trees."
34,13,building,false,downtown,59,"A quiet office space with large windows."
35,13,sidewalk,true,downtown,59,"You are on a busy sidewalk in front of a shop."
33,14,sidewalk,true,downtown,59,"Sidewalk with a bike rack and a bench."
34,14,sidewalk,true,downtown,59,"Sidewalk with a bike rack and a bench."
35,14,sidewalk,true,downtown,59,"Sidewalk with a newspaper stand."
0,15,sidewalk,true,industrial,60,"Sidewalk with a bike rack and a bench."
1,15,sidewalk,true,industrial,60,"Sidewalk with a newspaper stand."
2,15,sidewalk,true,industrial,60,"Sidewalk outside a bustling cafe."
0,16,sidewalk,true,industrial,60,"Sidewalk outside a bustling cafe."
1,16,building,false,industrial,60,"A quiet office space with large windows."
2,16,sidewalk,true,industrial,60,"You are on a busy sidewalk in front of a shop."
0,17,sidewalk,true,industrial,60,"You are on a busy sidewalk in front of a shop."
1,17,sidewalk,true,industrial,60,"You are on a busy sidewalk in front of a shop."
2,17,sidewalk,true,industrial,60,"Sidewalk with a newspaper stand."
3,15,sidewalk,true,waterfront,61,"Sidewalk with a newspaper stand."
4,15,sidewalk,true,waterfront,61,"Sidewalk with a bike rack and a bench."
5,15,sidewalk,true,waterfront,61,"A quiet sidewalk lined with trees."
3,16,sidewalk,true,waterfront,61,"A quiet sidewalk lined with trees."
4,16,building,false,waterfront,61,"A quiet office space with large windows."
5,16,sidewalk,true,waterfront,61,"Sidewalk outside a bustling cafe."
3,17,sidewalk,true,waterfront,61,"A quiet sidewalk lined with trees."
4,17,sidewalk,true,waterfront,61,"Sidewalk with a newspaper stand."
5,17,sidewalk,true,waterfront,61,"Sidewalk with a newspaper stand."
6,15,sidewalk,true,mixed-use,62,"Sidewalk with a bike rack and a bench."
7,15,sidewalk,true,mixed-use,62,"Sidewalk with a newspaper stand."
8,15,sidewalk,true,mixed-use,62,"Sidewalk with a bike rack and a bench."
6,16,sidewalk,true,mixed-use,62,"Sidewalk outside a bustling cafe."
7,16,building,false,mixed-use,62,"A quiet office space with large windows."
8,16,sidewalk,true,mixed-use,62,"A quiet sidewalk lined with trees."
6,17,sidewalk,true,mixed-use,62,"A quiet sidewalk lined with trees."
7,17,sidewalk,true,mixed-use,62,"A quiet sidewalk lined with trees."
8,17,sidewalk,true,mixed-use,62,"Sidewalk outside a bustling cafe."
9,15,sidewalk,true,civic,63,"You are on a busy sidewalk in front of a shop."
10,15,sidewalk,true,civic,63,"Sidewalk outside a bustling cafe."
11,15,sidewalk,true,civic,63,"Sidewalk with a bike rack and a bench."
9,16,sidewalk,true,civic,63,"Sidewalk with a newspaper stand."
10,16,building,false,civic,63,"A small grocery store packed with goods."
11,16,sidewalk,true,civic,63,"Sidewalk outside a bustling cafe."
9,17,sidewalk,true,civic,63,"Sidewalk outside a bustling cafe."
10,17,sidewalk,true,civic,63,"Sidewalk with a newspaper stand."
11,17,sidewalk,true,civic,63,"You are on a busy sidewalk in front of a shop."
12,15,sidewalk,true,residential,64,"Sidewalk with a newspaper stand."
13,15,sidewalk,true,residential,64,"Sidewalk outside a bustling cafe."
14,15,sidewalk,true,residential,64,"Sidewalk outside a bustling cafe."
12,16,sidewalk,true,residential,64,"Sidewalk with a newspaper stand."
13,16,building,false,residential,64,"You are inside a bustling apartment building."
14,16,sidewalk,true,residential,64,"Sidewalk with a newspaper stand."
12,17,sidewalk,true,residential,64,"You are on a busy sidewalk in front of a shop."
13,17,sidewalk,true,residential,64,"Sidewalk with a newspaper stand."
14,17,sidewalk,true,residential,64,"You are on a busy sidewalk in front of a shop."
15,15,sidewalk,true,commercial,65,"Sidewalk with a newspaper stand."
16,15,sidewalk,true,commercial,65,"Sidewalk outside a bustling cafe."
17,15,sidewalk,true,commercial,65,"Sidewalk outside a bustling cafe."
15,16,sidewalk,true,commercial,65,"Sidewalk outside a bustling cafe."
16,16,building,false,commercial,65,"A small grocery store packed with goods."
17,16,sidewalk,true,commercial,65,"Sidewalk with a newspaper stand."
15,17,sidewalk,true,commercial,65,"A quiet sidewalk lined with trees."
16,17,sidewalk,true,commercial,65,"A quiet sidewalk lined with trees."
17,17,sidewalk,true,commercial,65,"Sidewalk with a newspaper stand."
18,15,sidewalk,true,park,66,"You are on a busy sidewalk in front of a shop."
19,15,sidewalk,true,park,66,"You are on a busy sidewalk in front of a shop."
20,15,sidewalk,true,park,66,"You are on a busy sidewalk in front of a shop."
18,16,sidewalk,true,park,66,"Sidewalk outside a bustling cafe."
19,16,building,false,park,66,"A small grocery store packed with goods."
20,16,sidewalk,true,park,66,"Sidewalk with a newspaper stand."
18,17,sidewalk,true,park,66,"You are on a busy sidewalk in front of a shop."
19,17,sidewalk,true,park,66,"You are on a busy sidewalk in front of a shop."
20,17,sidewalk,true,park,66,"Sidewalk outside a bustling cafe."
21,15,sidewalk,true,downtown,67,"Sidewalk with a bike rack and a bench."
22,15,sidewalk,true,downtown,67,"You are on a busy sidewalk in front of a shop."
23,15,sidewalk,true,downtown,67,"Sidewalk with a newspaper stand."
21,16,sidewalk,true,downtown,67,"You are on a busy sidewalk in front of a shop."
22,16,building,false,downtown,67,"A cozy bakery with the smell of fresh bread."
23,16,sidewalk,true,downtown,67,"A quiet sidewalk lined with trees."
21,17,sidewalk,true,downtown,67,"Sidewalk outside a bustling cafe."
22,17,sidewalk,true,downtown,67,"Sidewalk with a newspaper stand."
23,17,sidewalk,true,downtown,67,"A quiet sidewalk lined with trees."
24,15,sidewalk,true,industrial,68,"Sidewalk with a newspaper stand."
25,15,sidewalk,true,industrial,68,"Sidewalk outside a bustling cafe."
26,15,sidewalk,true,industrial,68,"A quiet sidewalk lined with trees."
24,16,sidewalk,true,industrial,68,"Sidewalk with a newspaper stand."
25,16,building,false,industrial,68,"A cozy bakery with the smell of fresh bread."
26,16,sidewalk,true,industrial,68,"Sidewalk outside a bustling cafe."
24,17,sidewalk,true,industrial,68,"You are on a busy sidewalk in front of a shop."
25,17,sidewalk,true,industrial,68,"Sidewalk outside a bustling cafe."
26,17,sidewalk,true,industrial,68,"Sidewalk with a newspaper stand."
27,15,sidewalk,true,waterfront,69,"You are on a busy sidewalk in front of a shop."
28,15,sidewalk,true,waterfront,69,"A quiet sidewalk lined with trees."
29,15,sidewalk,true,waterfront,69,"You are on a busy sidewalk in front of a shop."
27,16,sidewalk,true,waterfront,69,"You are on a busy sidewalk in front of a shop."
28,16,building,false,waterfront,69,"A quiet office space with large windows."
29,16,sidewalk,true,waterfront,69,"A quiet sidewalk lined with trees."
27,17,sidewalk,true,waterfront,69,"A quiet sidewalk lined with trees."
28,17,sidewalk,true,waterfront,69,"Sidewalk with a bike rack and a bench."
29,17,sidewalk,true,waterfront,69,"You are on a busy sidewalk in front of a shop."
30,15,sidewalk,true,mixed-use,70,"Sidewalk outside a bustling cafe."
31,15,sidewalk,true,mixed-use,70,"Sidewalk with a newspaper stand."
32,15,sidewalk,true,mixed-use,70,"Sidewalk with a bike rack and a bench."
30,16,sidewalk,true,mixed-use,70,"You are on a busy sidewalk in front of a shop."
31,16,building,false,mixed-use,70,"You are inside a bustling apartment building."
32,16,sidewalk,true,mixed-use,70,"Sidewalk with a newspaper stand."
30,17,sidewalk,true,mixed-use,70,"You are on a busy sidewalk in front of a shop."
31,17,sidewalk,true,mixed-use,70,"Sidewalk outside a bustling cafe."
32,17,sidewalk,true,mixed-use,70,"Sidewalk with a newspaper stand."
33,15,sidewalk,true,civic,71,"Sidewalk with a bike rack and a bench."
34,15,sidewalk,true,civic,71,"A quiet sidewalk lined with trees."
35,15,sidewalk,true,civic,71,"Sidewalk with a newspaper stand."
33,16,sidewalk,true,civic,71,"Sidewalk outside a bustling cafe."
34,16,building,false,civic,71,"A small grocery store packed with goods."
35,16,sidewalk,true,civic,71,"You are on a busy sidewalk in front of a shop."
33,17,sidewalk,true,civic,71,"Sidewalk with a newspaper stand."
34,17,sidewalk,true,civic,71,"You are on a busy sidewalk in front of a shop."
35,17,sidewalk,true,civic,71,"A quiet sidewalk lined with trees."
0,18,sidewalk,true,residential,72,"Sidewalk outside a bustling cafe."
1,18,sidewalk,true,residential,72,"A quiet sidewalk lined with trees."
2,18,sidewalk,true,residential,72,"Sidewalk with a newspaper stand."
0,19,sidewalk,true,residential,72,"Sidewalk with a newspaper stand."
1,19,building,false,residential,72,"A cozy bakery with the smell of fresh bread."
2,19,sidewalk,true,residential,72,"A quiet sidewalk lined with trees."
0,20,sidewalk,true,residential,72,"You are on a busy sidewalk in front of a shop."
1,20,sidewalk,true,residential,72,"Sidewalk outside a bustling cafe."
2,20,sidewalk,true,residential,72,"Sidewalk with a bike rack and a bench."
3,18,sidewalk,true,commercial,73,"A quiet sidewalk lined with trees."
4,18,sidewalk,true,commercial,73,"A quiet sidewalk lined with trees."
5,18,sidewalk,true,commercial,73,"A quiet sidewalk lined with trees."
3,19,sidewalk,true,commercial,73,"Sidewalk with a newspaper stand."
4,19,building,false,commercial,73,"A lively coffee shop with people chatting."
5,19,sidewalk,true,commercial,73,"You are on a busy sidewalk in front of a shop."
3,20,sidewalk,true,commercial,73,"You are on a busy sidewalk in front of a shop."
4,20,sidewalk,true,commercial,73,"Sidewalk with a newspaper stand."
5,20,sidewalk,true,commercial,73,"Sidewalk outside a bustling cafe."
6,18,sidewalk,true,park,74,"Sidewalk with a newspaper stand."
7,18,sidewalk,true,park,74,"A quiet sidewalk lined with trees."
8,18,sidewalk,true,park,74,"You are on a busy sidewalk in front of a shop."
6,19,sidewalk,true,park,74,"A quiet sidewalk lined with trees."
7,19,building,false,park,74,"A quiet office space with large windows."
8,19,sidewalk,true,park,74,"You are on a busy sidewalk in front of a shop."
6,20,sidewalk,true,park,74,"Sidewalk with a bike rack and a bench."
7,20,sidewalk,true,park,74,"You are on a busy sidewalk in front of a shop."
8,20,sidewalk,true,park,74,"Sidewalk with a bike rack and a bench."
9,18,sidewalk,true,downtown,75,"Sidewalk with a newspaper stand."
10,18,sidewalk,true,downtown,75,"Sidewalk outside a bustling cafe."
11,18,sidewalk,true,downtown,75,"You are on a busy sidewalk in front of a shop."
9,19,sidewalk,true,downtown,75,"A quiet sidewalk lined with trees."
10,19,building,false,downtown,75,"A quiet office space with large windows."
11,19,sidewalk,true,downtown,75,"Sidewalk outside a bustling cafe."
9,20,sidewalk,true,downtown,75,"Sidewalk with a bike rack and a bench."
10,20,sidewalk,true,downtown,75,"A quiet sidewalk lined with trees."
11,20,sidewalk,true,downtown,75,"Sidewalk with a newspaper stand."
12,18,sidewalk,true,industrial,76,"You are on a busy sidewalk in front of a shop."
13,18,sidewalk,true,industrial,76,"You are on a busy sidewalk in front of a shop."
14,18,sidewalk,true,industrial,76,"Sidewalk outside a bustling cafe."
12,19,sidewalk,true,industrial,76,"Sidewalk with a newspaper stand."
13,19,building,false,industrial,76,"A small grocery store packed with goods."
14,19,sidewalk,true,industrial,76,"A quiet sidewalk lined with trees."
12,20,sidewalk,true,industrial,76,"Sidewalk with a bike rack and a bench."
13,20,sidewalk,true,industrial,76,"Sidewalk with a newspaper stand."
14,20,sidewalk,true,industrial,76,"Sidewalk outside a bustling cafe."
15,18,sidewalk,true,waterfront,77,"You are on a busy sidewalk in front of a shop."
16,18,sidewalk,true,waterfront,77,"Sidewalk with a bike rack and a bench."
17,18,sidewalk,true,waterfront,77,"Sidewalk with a bike rack and a bench."
15,19,sidewalk,true,waterfront,77,"Sidewalk outside a bustling cafe."
16,19,building,false,waterfront,77,"A small grocery store packed with goods."
17,19,sidewalk,true,waterfront,77,"Sidewalk with a bike rack and a bench."
15,20,sidewalk,true,waterfront,77,"Sidewalk with a bike rack and a bench."
16,20,sidewalk,true,waterfront,77,"Sidewalk with a bike rack and a bench."
17,20,sidewalk,true,waterfront,77,"You are on a busy sidewalk in front of a shop."
18,18,sidewalk,true,mixed-use,78,"A quiet sidewalk lined with trees."
19,18,sidewalk,true,mixed-use,78,"A quiet sidewalk lined with trees."
20,18,sidewalk,true,mixed-use,78,"Sidewalk outside a bustling cafe."
18,19,sidewalk,true,mixed-use,78,"Sidewalk with a bike rack and a bench."
19,19,building,false,mixed-use,78,"A cozy bakery with the smell of fresh bread."
20,19,sidewalk,true,mixed-use,78,"Sidewalk outside a bustling cafe."
18,20,sidewalk,true,mixed-use,78,"Sidewalk outside a bustling cafe."
19,20,sidewalk,true,mixed-use,78,"Sidewalk with a newspaper stand."
20,20,sidewalk,true,mixed-use,78,"Sidewalk outside a bustling cafe."
21,18,sidewalk,true,civic,79,"A quiet sidewalk lined with trees."
22,18,sidewalk,true,civic,79,"You are on a busy sidewalk in front of a shop."
23,18,sidewalk,true,civic,79,"Sidewalk with a bike rack and a bench."
21,19,sidewalk,true,civic,79,"You are on a busy sidewalk in front of a shop."
22,19,building,false,civic,79,"A quiet office space with large windows."
23,19,sidewalk,true,civic,79,"You are on a busy sidewalk in front of a shop."
21,20,sidewalk,true,civic,79,"Sidewalk outside a bustling cafe."
22,20,sidewalk,true,civic,79,"Sidewalk outside a bustling cafe."
23,20,sidewalk,true,civic,79,"Sidewalk outside a bustling cafe."
24,18,sidewalk,true,residential,80,"Sidewalk with a newspaper stand."
25,18,sidewalk,true,residential,80,"Sidewalk with a newspaper stand."
26,18,sidewalk,true,residential,80,"A quiet sidewalk lined with trees."
24,19,sidewalk,true,residential,80,"Sidewalk with a bike rack and a bench."
25,19,building,false,residential,80,"A quiet office space with large windows."
26,19,sidewalk,true,residential,80,"Sidewalk outside a bustling cafe."
24,20,sidewalk,true,residential,80,"Sidewalk with a newspaper stand."
25,20,sidewalk,true,residential,80,"Sidewalk outside a bustling cafe."
26,20,sidewalk,true,residential,80,"A quiet sidewalk lined with trees."
27,18,sidewalk,true,commercial,81,"A quiet sidewalk lined with trees."
28,18,sidewalk,true,commercial,81,"Sidewalk with a bike rack and a bench."
29,18,sidewalk,true,commercial,81,"A quiet sidewalk lined with trees."
27,19,sidewalk,true,commercial,81,"Sidewalk outside a bustling cafe."
28,19,building,false,commercial,81,"A cozy bakery with the smell of fresh bread."
29,19,sidewalk,true,commercial,81,"Sidewalk outside a bustling cafe."
27,20,sidewalk,true,commercial,81,"Sidewalk outside a bustling cafe."
28,20,sidewalk,true,commercial,81,"A quiet sidewalk lined with trees."
29,20,sidewalk,true,commercial,81,"A quiet sidewalk lined with trees."
30,18,sidewalk,true,park,82,"Sidewalk with a bike rack and a bench."
31,18,sidewalk,true,park,82,"You are on a busy sidewalk in front of a shop."
32,18,sidewalk,true,park,82,"Sidewalk with a newspaper stand."
30,19,sidewalk,true,park,82,"You are on a busy sidewalk in front of a shop."
31,19,building,false,park,82,"A cozy bakery with the smell of fresh bread."
32,19,sidewalk,true,park,82,"Sidewalk with a newspaper stand."
30,20,sidewalk,true,park,82,"Sidewalk with a bike rack and a bench."
31,20,sidewalk,true,park,82,"Sidewalk with a newspaper stand."
32,20,sidewalk,true,park,82,"Sidewalk with a newspaper stand."
33,18,sidewalk,true,downtown,83,"A quiet sidewalk lined with trees."
34,18,sidewalk,true,downtown,83,"Sidewalk outside a bustling cafe."
35,18,sidewalk,true,downtown,83,"Sidewalk with a bike rack and a bench."
33,19,sidewalk,true,downtown,83,"A quiet sidewalk lined with trees."
34,19,building,false,downtown,83,"You are inside a bustling apartment building."
35,19,sidewalk,true,downtown,83,"A quiet sidewalk lined with trees."
33,20,sidewalk,true,downtown,83,"A quiet sidewalk lined with trees."
34,20,sidewalk,true,downtown,83,"Sidewalk with a bike rack and a bench."
35,20,sidewalk,true,downtown,83,"A quiet sidewalk lined with trees."
0,21,sidewalk,true,industrial,84,"Sidewalk outside a bustling cafe."
1,21,sidewalk,true,industrial,84,"Sidewalk with a newspaper stand."
2,21,sidewalk,true,industrial,84,"Sidewalk with a bike rack and a bench."
0,22,sidewalk,true,industrial,84,"Sidewalk outside a bustling cafe."
1,22,building,false,industrial,84,"A lively coffee shop with people chatting."
2,22,sidewalk,true,industrial,84,"Sidewalk outside a bustling cafe."
0,23,sidewalk,true,industrial,84,"You are on a busy sidewalk in front of a shop."
1,23,sidewalk,true,industrial,84,"Sidewalk with a bike rack and a bench."
2,23,sidewalk,true,industrial,84,"Sidewalk with a newspaper stand."
3,21,sidewalk,true,waterfront,85,"A quiet sidewalk lined with trees."
4,21,sidewalk,true,waterfront,85,"Sidewalk outside a bustling cafe."
5,21,sidewalk,true,waterfront,85,"Sidewalk with a newspaper stand."
3,22,sidewalk,true,waterfront,85,"A quiet sidewalk lined with trees."
4,22,building,false,waterfront,85,"A cozy bakery with the smell of fresh bread."
5,22,sidewalk,true,waterfront,85,"You are on a busy sidewalk in front of a shop."
3,23,sidewalk,true,waterfront,85,"A quiet sidewalk lined with trees."
4,23,sidewalk,true,waterfront,85,"A quiet sidewalk lined with trees."
5,23,sidewalk,true,waterfront,85,"You are on a busy sidewalk in front of a shop."
6,21,sidewalk,true,mixed-use,86,"Sidewalk with a newspaper stand."
7,21,sidewalk,true,mixed-use,86,"Sidewalk outside a bustling cafe."
8,21,sidewalk,true,mixed-use,86,"A quiet sidewalk lined with trees."
6,22,sidewalk,true,mixed-use,86,"You are on a busy sidewalk in front of a shop."
7,22,building,false,mixed-use,86,"You are inside a bustling apartment building."
8,22,sidewalk,true,mixed-use,86,"Sidewalk outside a bustling cafe."
6,23,sidewalk,true,mixed-use,86,"Sidewalk with a newspaper stand."
7,23,sidewalk,true,mixed-use,86,"Sidewalk with a newspaper stand."
8,23,sidewalk,true,mixed-use,86,"Sidewalk with a newspaper stand."
9,21,sidewalk,true,civic,87,"Sidewalk with a bike rack and a bench."
10,21,sidewalk,true,civic,87,"Sidewalk with a bike rack and a bench."
11,21,sidewalk,true,civic,87,"Sidewalk outside a bustling cafe."
9,22,sidewalk,true,civic,87,"Sidewalk outside a bustling cafe."
10,22,building,false,civic,87,"A lively coffee shop with people chatting."
11,22,sidewalk,true,civic,87,"Sidewalk with a newspaper stand."
9,23,sidewalk,true,civic,87,"Sidewalk with a newspaper stand."
10,23,sidewalk,true,civic,87,"You are on a busy sidewalk in front of a shop."
11,23,sidewalk,true,civic,87,"A quiet sidewalk lined with trees."
12,21,sidewalk,true,residential,88,"You are on a busy sidewalk in front of a shop."
13,21,sidewalk,true,residential,88,"A quiet sidewalk lined with trees."
14,21,sidewalk,true,residential,88,"Sidewalk with a newspaper stand."
12,22,sidewalk,true,residential,88,"Sidewalk with a bike rack and a bench."
13,22,building,false,residential,88,"A lively coffee shop with people chatting."
14,22,sidewalk,true,residential,88,"A quiet sidewalk lined with trees."
12,23,sidewalk,true,residential,88,"You are on a busy sidewalk in front of a shop."
13,23,sidewalk,true,residential,88,"Sidewalk outside a bustling cafe."
14,23,sidewalk,true,residential,88,"Sidewalk with a newspaper stand."
15,21,sidewalk,true,commercial,89,"A quiet sidewalk lined with trees."
16,21,sidewalk,true,commercial,89,"Sidewalk with a bike rack and a bench."
17,21,sidewalk,true,commercial,89,"Sidewalk with a bike rack and a bench."
15,22,sidewalk,true,commercial,89,"Sidewalk with a bike rack and a bench."
16,22,building,false,commercial,89,"A lively coffee shop with people chatting."
17,22,sidewalk,true,commercial,89,"Sidewalk outside a bustling cafe."
15,23,sidewalk,true,commercial,89,"Sidewalk with a bike rack and a bench."
16,23,sidewalk,true,commercial,89,"Sidewalk outside a bustling cafe."
17,23,sidewalk,true,commercial,89,"Sidewalk with a newspaper stand."
18,21,sidewalk,true,park,90,"Sidewalk with a newspaper stand."
19,21,sidewalk,true,park,90,"Sidewalk with a newspaper stand."
20,21,sidewalk,true,park,90,"Sidewalk outside a bustling cafe."
18,22,sidewalk,true,park,90,"Sidewalk with a bike rack and a bench."
19,22,building,false,park,90,"You are inside a bustling apartment building."
20,22,sidewalk,true,park,90,"Sidewalk with a bike rack and a bench."
18,23,sidewalk,true,park,90,"Sidewalk with a bike rack and a bench."
19,23,sidewalk,true,park,90,"You are on a busy sidewalk in front of a shop."
20,23,sidewalk,true,park,90,"A quiet sidewalk lined with trees."
21,21,sidewalk,true,downtown,91,"Sidewalk outside a bustling cafe."
22,21,sidewalk,true,downtown,91,"Sidewalk with a newspaper stand."
23,21,sidewalk,true,downtown,91,"Sidewalk with a newspaper stand."
21,22,sidewalk,true,downtown,91,"You are on a busy sidewalk in front of a shop."
22,22,building,false,downtown,91,"A quiet office space with large windows."
23,22,sidewalk,true,downtown,91,"Sidewalk with a bike rack and a bench."
21,23,sidewalk,true,downtown,91,"Sidewalk with a bike rack and a bench."
22,23,sidewalk,true,downtown,91,"A quiet sidewalk lined with trees."
23,23,sidewalk,true,downtown,91,"Sidewalk with a newspaper stand."
24,21,sidewalk,true,industrial,92,"A quiet sidewalk lined with trees."
25,21,sidewalk,true,industrial,92,"You are on a busy sidewalk in front of a shop."
26,21,sidewalk,true,industrial,92,"Sidewalk with a bike rack and a bench."
24,22,sidewalk,true,industrial,92,"You are on a busy sidewalk in front of a shop."
25,22,building,false,industrial,92,"A small grocery store packed with goods."
26,22,sidewalk,true,industrial,92,"Sidewalk outside a bustling cafe."
24,23,sidewalk,true,industrial,92,"You are on a busy sidewalk in front of a shop."
25,23,sidewalk,true,industrial,92,"Sidewalk with a bike rack and a bench."
26,23,sidewalk,true,industrial,92,"Sidewalk with a newspaper stand."
27,21,sidewalk,true,waterfront,93,"A quiet sidewalk lined with trees."
28,21,sidewalk,true,waterfront,93,"Sidewalk with a bike rack and a bench."
29,21,sidewalk,true,waterfront,93,"Sidewalk with a newspaper stand."
27,22,sidewalk,true,waterfront,93,"Sidewalk with a newspaper stand."
28,22,building,false,waterfront,93,"You are inside a bustling apartment building."
29,22,sidewalk,true,waterfront,93,"Sidewalk with a newspaper stand."
27,23,sidewalk,true,waterfront,93,"Sidewalk with a bike rack and a bench."
28,23,sidewalk,true,waterfront,93,"You are on a busy sidewalk in front of a shop."
29,23,sidewalk,true,waterfront,93,"A quiet sidewalk lined with trees."
30,21,sidewalk,true,mixed-use,94,"Sidewalk with a bike rack and a bench."
31,21,sidewalk,true,mixed-use,94,"Sidewalk with a bike rack and a bench."
32,21,sidewalk,true,mixed-use,94,"Sidewalk with a newspaper stand."
30,22,sidewalk,true,mixed-use,94,"Sidewalk with a bike rack and a bench."
31,22,building,false,mixed-use,94,"A lively coffee shop with people chatting."
32,22,sidewalk,true,mixed-use,94,"Sidewalk with a newspaper stand."
30,23,sidewalk,true,mixed-use,94,"Sidewalk with a newspaper stand."
31,23,sidewalk,true,mixed-use,94,"A quiet sidewalk lined with trees."
32,23,sidewalk,true,mixed-use,94,"A quiet sidewalk lined with trees."
33,21,sidewalk,true,civic,95,"Sidewalk with a bike rack and a bench."
34,21,sidewalk,true,civic,95,"A quiet sidewalk lined with trees."
35,21,sidewalk,true,civic,95,"You are on a busy sidewalk in front of a shop."
33,22,sidewalk,true,civic,95,"A quiet sidewalk lined with trees."
34,22,building,false,civic,95,"A quiet office space with large windows."
35,22,sidewalk,true,civic,95,"Sidewalk outside a bustling cafe."
33,23,sidewalk,true,civic,95,"Sidewalk with a newspaper stand."
34,23,sidewalk,true,civic,95,"You are on a busy sidewalk in front of a shop."
35,23,sidewalk,true,civic,95,"You are on a busy sidewalk in front of a shop."
0,24,sidewalk,true,residential,96,"You are on a busy sidewalk in front of a shop."
1,24,sidewalk,true,residential,96,"A quiet sidewalk lined with trees."
2,24,sidewalk,true,residential,96,"You are on a busy sidewalk in front of a shop."
0,25,sidewalk,true,residential,96,"A quiet sidewalk lined with trees."
1,25,building,false,residential,96,"A small grocery store packed with goods."
2,25,sidewalk,true,residential,96,"Sidewalk outside a bustling cafe."
0,26,sidewalk,true,residential,96,"Sidewalk outside a bustling cafe."
1,26,sidewalk,true,residential,96,"Sidewalk outside a bustling cafe."
2,26,sidewalk,true,residential,96,"Sidewalk with a bike rack and a bench."
3,24,sidewalk,true,commercial,97,"A quiet sidewalk lined with trees."
4,24,sidewalk,true,commercial,97,"You are on a busy sidewalk in front of a shop."
5,24,sidewalk,true,commercial,97,"Sidewalk outside a bustling cafe."
3,25,sidewalk,true,commercial,97,"Sidewalk outside a bustling cafe."
4,25,building,false,commercial,97,"You are inside a bustling apartment building."
5,25,sidewalk,true,commercial,97,"Sidewalk outside a bustling cafe."
3,26,sidewalk,true,commercial,97,"Sidewalk with a newspaper stand."
4,26,sidewalk,true,commercial,97,"You are on a busy sidewalk in front of a shop."
5,26,sidewalk,true,commercial,97,"Sidewalk outside a bustling cafe."
6,24,sidewalk,true,park,98,"A quiet sidewalk lined with trees."
7,24,sidewalk,true,park,98,"You are on a busy sidewalk in front of a shop."
8,24,sidewalk,true,park,98,"Sidewalk with a bike rack and a bench."
6,25,sidewalk,true,park,98,"A quiet sidewalk lined with trees."
7,25,building,false,park,98,"A quiet office space with large windows."
8,25,sidewalk,true,park,98,"You are on a busy sidewalk in front of a shop."
6,26,sidewalk,true,park,98,"You are on a busy sidewalk in front of a shop."
7,26,sidewalk,true,park,98,"You are on a busy sidewalk in front of a shop."
8,26,sidewalk,true,park,98,"Sidewalk with a newspaper stand."
9,24,sidewalk,true,downtown,99,"You are on a busy sidewalk in front of a shop."
10,24,sidewalk,true,downtown,99,"Sidewalk with a newspaper stand."
11,24,sidewalk,true,downtown,99,"Sidewalk outside a bustling cafe."
9,25,sidewalk,true,downtown,99,"Sidewalk outside a bustling cafe."
10,25,building,false,downtown,99,"A cozy bakery with the smell of fresh bread."
11,25,sidewalk,true,downtown,99,"Sidewalk with a newspaper stand."
9,26,sidewalk,true,downtown,99,"You are on a busy sidewalk in front of a shop."
10,26,sidewalk,true,downtown,99,"A quiet sidewalk lined with trees."
11,26,sidewalk,true,downtown,99,"Sidewalk outside a bustling cafe."
12,24,sidewalk,true,industrial,100,"Sidewalk with a bike rack and a bench."
13,24,sidewalk,true,industrial,100,"Sidewalk with a newspaper stand."
14,24,sidewalk,true,industrial,100,"Sidewalk with a newspaper stand."
12,25,sidewalk,true,industrial,100,"A quiet sidewalk lined with trees."
13,25,building,false,industrial,100,"You are inside a bustling apartment building."
14,25,sidewalk,true,industrial,100,"Sidewalk with a bike rack and a bench."
12,26,sidewalk,true,industrial,100,"A quiet sidewalk lined with trees."
13,26,sidewalk,true,industrial,100,"Sidewalk with a newspaper stand."
14,26,sidewalk,true,industrial,100,"Sidewalk outside a bustling cafe."
15,24,sidewalk,true,waterfront,101,"Sidewalk with a bike rack and a bench."
16,24,sidewalk,true,waterfront,101,"Sidewalk with a newspaper stand."
17,24,sidewalk,true,waterfront,101,"Sidewalk with a bike rack and a bench."
15,25,sidewalk,true,waterfront,101,"Sidewalk outside a bustling cafe."
16,25,building,false,waterfront,101,"A quiet office space with large windows."
17,25,sidewalk,true,waterfront,101,"Sidewalk with a bike rack and a bench."
15,26,sidewalk,true,waterfront,101,"Sidewalk outside a bustling cafe."
16,26,sidewalk,true,waterfront,101,"You are on a busy sidewalk in front of a shop."
17,26,sidewalk,true,waterfront,101,"Sidewalk with a newspaper stand."
18,24,sidewalk,true,mixed-use,102,"Sidewalk with a bike rack and a bench."
19,24,sidewalk,true,mixed-use,102,"You are on a busy sidewalk in front of a shop."
20,24,sidewalk,true,mixed-use,102,"You are on a busy sidewalk in front of a shop."
18,25,sidewalk,true,mixed-use,102,"You are on a busy sidewalk in front of a shop."
19,25,building,false,mixed-use,102,"You are inside a bustling apartment building."
20,25,sidewalk,true,mixed-use,102,"Sidewalk with a bike rack and a bench."
18,26,sidewalk,true,mixed-use,102,"You are on a busy sidewalk in front of a shop."
19,26,sidewalk,true,mixed-use,102,"Sidewalk with a newspaper stand."
20,26,sidewalk,true,mixed-use,102,"You are on a busy sidewalk in front of a shop."
21,24,sidewalk,true,civic,103,"A quiet sidewalk lined with trees."
22,24,sidewalk,true,civic,103,"You are on a busy sidewalk in front of a shop."
23,24,sidewalk,true,civic,103,"Sidewalk with a bike rack and a bench."
21,25,sidewalk,true,civic,103,"Sidewalk outside a bustling cafe."
22,25,building,false,civic,103,"A cozy bakery with the smell of fresh bread."
23,25,sidewalk,true,civic,103,"A quiet sidewalk lined with trees."
21,26,sidewalk,true,civic,103,"Sidewalk with a bike rack and a bench."
22,26,sidewalk,true,civic,103,"Sidewalk with a newspaper stand."
23,26,sidewalk,true,civic,103,"Sidewalk with a bike rack and a bench."
24,24,sidewalk,true,residential,104,"A quiet sidewalk lined with trees."
25,24,sidewalk,true,residential,104,"Sidewalk with a newspaper stand."
26,24,sidewalk,true,residential,104,"A quiet sidewalk lined with trees."
24,25,sidewalk,true,residential,104,"A quiet sidewalk lined with trees."
25,25,building,false,residential,104,"A quiet office space with large windows."
26,25,sidewalk,true,residential,104,"You are on a busy sidewalk in front of a shop."
24,26,sidewalk,true,residential,104,"A quiet sidewalk lined with trees."
25,26,sidewalk,true,residential,104,"Sidewalk with a newspaper stand."
26,26,sidewalk,true,residential,104,"Sidewalk with a bike rack and a bench."
27,24,sidewalk,true,commercial,105,"You are on a busy sidewalk in front of a shop."
28,24,sidewalk,true,commercial,105,"A quiet sidewalk lined with trees."
29,24,sidewalk,true,commercial,105,"Sidewalk with a bike rack and a bench."
27,25,sidewalk,true,commercial,105,"You are on a busy sidewalk in front of a shop."
28,25,building,false,commercial,105,"You are inside a bustling apartment building."
29,25,sidewalk,true,commercial,105,"Sidewalk outside a bustling cafe."
27,26,sidewalk,true,commercial,105,"A quiet sidewalk lined with trees."
28,26,sidewalk,true,commercial,105,"Sidewalk outside a bustling cafe."
29,26,sidewalk,true,commercial,105,"A quiet sidewalk lined with trees."
30,24,sidewalk,true,park,106,"Sidewalk with a newspaper stand."
31,24,sidewalk,true,park,106,"Sidewalk with a bike rack and a bench."
32,24,sidewalk,true,park,106,"A quiet sidewalk lined with trees."
30,25,sidewalk,true,park,106,"Sidewalk with a newspaper stand."
31,25,building,false,park,106,"A cozy bakery with the smell of fresh bread."
32,25,sidewalk,true,park,106,"Sidewalk with a newspaper stand."
30,26,sidewalk,true,park,106,"Sidewalk with a bike rack and a bench."
31,26,sidewalk,true,park,106,"A quiet sidewalk lined with trees."
32,26,sidewalk,true,park,106,"A quiet sidewalk lined with trees."
33,24,sidewalk,true,downtown,107,"Sidewalk with a newspaper stand."
34,24,sidewalk,true,downtown,107,"You are on a busy sidewalk in front of a shop."
35,24,sidewalk,true,downtown,107,"You are on a busy sidewalk in front of a shop."
33,25,sidewalk,true,downtown,107,"A quiet sidewalk lined with trees."
34,25,building,false,downtown,107,"A lively coffee shop with people chatting."
35,25,sidewalk,true,downtown,107,"Sidewalk with a bike rack and a bench."
33,26,sidewalk,true,downtown,107,"A quiet sidewalk lined with trees."
34,26,sidewalk,true,downtown,107,"Sidewalk with a bike rack and a bench."
35,26,sidewalk,true,downtown,107,"Sidewalk with a bike rack and a bench."
0,27,sidewalk,true,industrial,108,"A quiet sidewalk lined with trees."
1,27,sidewalk,true,industrial,108,"Sidewalk with a newspaper stand."
2,27,sidewalk,true,industrial,108,"Sidewalk with a bike rack and a bench."
0,28,sidewalk,true,industrial,108,"A quiet sidewalk lined with trees."
1,28,building,false,industrial,108,"A small grocery store packed with goods."
2,28,sidewalk,true,industrial,108,"Sidewalk outside a bustling cafe."
0,29,sidewalk,true,industrial,108,"A quiet sidewalk lined with trees."
1,29,sidewalk,true,industrial,108,"A quiet sidewalk lined with trees."
2,29,sidewalk,true,industrial,108,"You are on a busy sidewalk in front of a shop."
3,27,sidewalk,true,waterfront,109,"A quiet sidewalk lined with trees."
4,27,sidewalk,true,waterfront,109,"Sidewalk with a bike rack and a bench."
5,27,sidewalk,true,waterfront,109,"Sidewalk with a bike rack and a bench."
3,28,sidewalk,true,waterfront,109,"Sidewalk with a newspaper stand."
4,28,building,false,waterfront,109,"A quiet office space with large windows."
5,28,sidewalk,true,waterfront,109,"Sidewalk with a newspaper stand."
3,29,sidewalk,true,waterfront,109,"Sidewalk outside a bustling cafe."
4,29,sidewalk,true,waterfront,109,"A quiet sidewalk lined with trees."
5,29,sidewalk,true,waterfront,109,"Sidewalk outside a bustling cafe."
6,27,sidewalk,true,mixed-use,110,"Sidewalk with a newspaper stand."
7,27,sidewalk,true,mixed-use,110,"A quiet sidewalk lined with trees."
8,27,sidewalk,true,mixed-use,110,"Sidewalk with a newspaper stand."
6,28,sidewalk,true,mixed-use,110,"Sidewalk outside a bustling cafe."
7,28,building,false,mixed-use,110,"A small grocery store packed with goods."
8,28,sidewalk,true,mixed-use,110,"Sidewalk outside a bustling cafe."
6,29,sidewalk,true,mixed-use,110,"A quiet sidewalk lined with trees."
7,29,sidewalk,true,mixed-use,110,"You are on a busy sidewalk in front of a shop."
8,29,sidewalk,true,mixed-use,110,"You are on a busy sidewalk in front of a shop."
9,27,sidewalk,true,civic,111,"Sidewalk outside a bustling cafe."
10,27,sidewalk,true,civic,111,"You are on a busy sidewalk in front of a shop."
11,27,sidewalk,true,civic,111,"A quiet sidewalk lined with trees."
9,28,sidewalk,true,civic,111,"You are on a busy sidewalk in front of a shop."
10,28,building,false,civic,111,"A quiet office space with large windows."
11,28,sidewalk,true,civic,111,"A quiet sidewalk lined with trees."
9,29,sidewalk,true,civic,111,"You are on a busy sidewalk in front of a shop."
10,29,sidewalk,true,civic,111,"You are on a busy sidewalk in front of a shop."
11,29,sidewalk,true,civic,111,"Sidewalk with a newspaper stand."
12,27,sidewalk,true,residential,112,"A quiet sidewalk lined with trees."
13,27,sidewalk,true,residential,112,"Sidewalk outside a bustling cafe."
14,27,sidewalk,true,residential,112,"Sidewalk outside a bustling cafe."
12,28,sidewalk,true,residential,112,"Sidewalk with a bike rack and a bench."
13,28,building,false,residential,112,"A cozy bakery with the smell of fresh bread."
14,28,sidewalk,true,residential,112,"Sidewalk with a bike rack and a bench."
12,29,sidewalk,true,residential,112,"Sidewalk outside a bustling cafe."
13,29,sidewalk,true,residential,112,"Sidewalk outside a bustling cafe."
14,29,sidewalk,true,residential,112,"A quiet sidewalk lined with trees."
15,27,sidewalk,true,commercial,113,"Sidewalk with a newspaper stand."
16,27,sidewalk,true,commercial,113,"You are on a busy sidewalk in front of a shop."
17,27,sidewalk,true,commercial,113,"A quiet sidewalk lined with trees."
15,28,sidewalk,true,commercial,113,"Sidewalk with a bike rack and a bench."
16,28,building,false,commercial,113,"A small grocery store packed with goods."
17,28,sidewalk,true,commercial,113,"Sidewalk outside a bustling cafe."
15,29,sidewalk,true,commercial,113,"You are on a busy sidewalk in front of a shop."
16,29,sidewalk,true,commercial,113,"You are on a busy sidewalk in front of a shop."
17,29,sidewalk,true,commercial,113,"Sidewalk with a bike rack and a bench."
18,27,sidewalk,true,park,114,"Sidewalk with a bike rack and a bench."
19,27,sidewalk,true,park,114,"Sidewalk outside a bustling cafe."
20,27,sidewalk,true,park,114,"Sidewalk with a bike rack and a bench."
18,28,sidewalk,true,park,114,"Sidewalk with a newspaper stand."
19,28,building,false,park,114,"A quiet office space with large windows."
20,28,sidewalk,true,park,114,"You are on a busy sidewalk in front of a shop."
18,29,sidewalk,true,park,114,"A quiet sidewalk lined with trees."
19,29,sidewalk,true,park,114,"A quiet sidewalk lined with trees."
20,29,sidewalk,true,park,114,"Sidewalk with a newspaper stand."
21,27,sidewalk,true,downtown,115,"You are on a busy sidewalk in front of a shop."
22,27,sidewalk,true,downtown,115,"You are on a busy sidewalk in front of a shop."
23,27,sidewalk,true,downtown,115,"Sidewalk with a bike rack and a bench."
21,28,sidewalk,true,downtown,115,"Sidewalk with a bike rack and a bench."
22,28,building,false,downtown,115,"A cozy bakery with the smell of fresh bread."
23,28,sidewalk,true,downtown,115,"You are on a busy sidewalk in front of a shop."
21,29,sidewalk,true,downtown,115,"A quiet sidewalk lined with trees."
22,29,sidewalk,true,downtown,115,"You are on a busy sidewalk in front of a shop."
23,29,sidewalk,true,downtown,115,"Sidewalk with a bike rack and a bench."
24,27,sidewalk,true,industrial,116,"Sidewalk with a newspaper stand."
25,27,sidewalk,true,industrial,116,"A quiet sidewalk lined with trees."
26,27,sidewalk,true,industrial,116,"Sidewalk with a newspaper stand."
24,28,sidewalk,true,industrial,116,"A quiet sidewalk lined with trees."
25,28,building,false,industrial,116,"A small grocery store packed with goods."
26,28,sidewalk,true,industrial,116,"Sidewalk with a bike rack and a bench."
24,29,sidewalk,true,industrial,116,"Sidewalk outside a bustling cafe."
25,29,sidewalk,true,industrial,116,"Sidewalk outside a bustling cafe."
26,29,sidewalk,true,industrial,116,"Sidewalk with a bike rack and a bench."
27,27,sidewalk,true,waterfront,117,"Sidewalk outside a bustling cafe."
28,27,sidewalk,true,waterfront,117,"Sidewalk outside a bustling cafe."
29,27,sidewalk,true,waterfront,117,"You are on a busy sidewalk in front of a shop."
27,28,sidewalk,true,waterfront,117,"Sidewalk outside a bustling cafe."
28,28,building,false,waterfront,117,"A lively coffee shop with people chatting."
29,28,sidewalk,true,waterfront,117,"A quiet sidewalk lined with trees."
27,29,sidewalk,true,waterfront,117,"A quiet sidewalk lined with trees."
28,29,sidewalk,true,waterfront,117,"A quiet sidewalk lined with trees."
29,29,sidewalk,true,waterfront,117,"Sidewalk with a bike rack and a bench."
30,27,sidewalk,true,mixed-use,118,"Sidewalk with a newspaper stand."
31,27,sidewalk,true,mixed-use,118,"Sidewalk with a bike rack and a bench."
32,27,sidewalk,true,mixed-use,118,"Sidewalk with a newspaper stand."
30,28,sidewalk,true,mixed-use,118,"A quiet sidewalk lined with trees."
31,28,building,false,mixed-use,118,"A small grocery store packed with goods."
32,28,sidewalk,true,mixed-use,118,"Sidewalk outside a bustling cafe."
30,29,sidewalk,true,mixed-use,118,"Sidewalk outside a bustling cafe."
31,29,sidewalk,true,mixed-use,118,"Sidewalk outside a bustling cafe."
32,29,sidewalk,true,mixed-use,118,"Sidewalk outside a bustling cafe."
33,27,sidewalk,true,civic,119,"Sidewalk with a newspaper stand."
34,27,sidewalk,true,civic,119,"You are on a busy sidewalk in front of a shop."
35,27,sidewalk,true,civic,119,"Sidewalk with a newspaper stand."
33,28,sidewalk,true,civic,119,"You are on a busy sidewalk in front of a shop."
34,28,building,false,civic,119,"You are inside a bustling apartment building."
35,28,sidewalk,true,civic,119,"You are on a busy sidewalk in front of a shop."
33,29,sidewalk,true,civic,119,"Sidewalk with a bike rack and a bench."
34,29,sidewalk,true,civic,119,"Sidewalk with a bike rack and a bench."
35,29,sidewalk,true,civic,119,"Sidewalk with a bike rack and a bench."
0,30,sidewalk,true,residential,120,"Sidewalk outside a bustling cafe."
1,30,sidewalk,true,residential,120,"Sidewalk with a bike rack and a bench."
2,30,sidewalk,true,residential,120,"Sidewalk with a newspaper stand."
0,31,sidewalk,true,residential,120,"Sidewalk outside a bustling cafe."
1,31,building,false,residential,120,"A cozy bakery with the smell of fresh bread."
2,31,sidewalk,true,residential,120,"You are on a busy sidewalk in front of a shop."
0,32,sidewalk,true,residential,120,"A quiet sidewalk lined with trees."
1,32,sidewalk,true,residential,120,"A quiet sidewalk lined with trees."
2,32,sidewalk,true,residential,120,"A quiet sidewalk lined with trees."
3,30,sidewalk,true,commercial,121,"A quiet sidewalk lined with trees."
4,30,sidewalk,true,commercial,121,"Sidewalk with a newspaper stand."
5,30,sidewalk,true,commercial,121,"Sidewalk with a bike rack and a bench."
3,31,sidewalk,true,commercial,121,"Sidewalk with a bike rack and a bench."
4,31,building,false,commercial,121,"A cozy bakery with the smell of fresh bread."
5,31,sidewalk,true,commercial,121,"Sidewalk with a newspaper stand."
3,32,sidewalk,true,commercial,121,"You are on a busy sidewalk in front of a shop."
4,32,sidewalk,true,commercial,121,"Sidewalk with a newspaper stand."
5,32,sidewalk,true,commercial,121,"A quiet sidewalk lined with trees."
6,30,sidewalk,true,park,122,"Sidewalk with a bike rack and a bench."
7,30,sidewalk,true,park,122,"Sidewalk with a bike rack and a bench."
8,30,sidewalk,true,park,122,"Sidewalk with a newspaper stand."
6,31,sidewalk,true,park,122,"Sidewalk with a newspaper stand."
7,31,building,false,park,122,"A cozy bakery with the smell of fresh bread."
8,31,sidewalk,true,park,122,"Sidewalk with a newspaper stand."
6,32,sidewalk,true,park,122,"You are on a busy sidewalk in front of a shop."
7,32,sidewalk,true,park,122,"A quiet sidewalk lined with trees."
8,32,sidewalk,true,park,122,"Sidewalk with a bike rack and a bench."
9,30,sidewalk,true,downtown,123,"Sidewalk outside a bustling cafe."
10,30,sidewalk,true,downtown,123,"Sidewalk with a newspaper stand."
11,30,sidewalk,true,downtown,123,"Sidewalk outside a bustling cafe."
9,31,sidewalk,true,downtown,123,"A quiet sidewalk lined with trees."
10,31,building,false,downtown,123,"A lively coffee shop with people chatting."
11,31,sidewalk,true,downtown,123,"You are on a busy sidewalk in front of a shop."
9,32,sidewalk,true,downtown,123,"Sidewalk with a newspaper stand."
10,32,sidewalk,true,downtown,123,"You are on a busy sidewalk in front of a shop."
11,32,sidewalk,true,downtown,123,"A quiet sidewalk lined with trees."
12,30,sidewalk,true,industrial,124,"A quiet sidewalk lined with trees."
13,30,sidewalk,true,industrial,124,"Sidewalk outside a bustling cafe."
14,30,sidewalk,true,industrial,124,"A quiet sidewalk lined with trees."
12,31,sidewalk,true,industrial,124,"A quiet sidewalk lined with trees."
13,31,building,false,industrial,124,"A lively coffee shop with people chatting."
14,31,sidewalk,true,industrial,124,"A quiet sidewalk lined with trees."
12,32,sidewalk,true,industrial,124,"A quiet sidewalk lined with trees."
13,32,sidewalk,true,industrial,124,"Sidewalk with a newspaper stand."
14,32,sidewalk,true,industrial,124,"You are on a busy sidewalk in front of a shop."
15,30,sidewalk,true,waterfront,125,"Sidewalk with a newspaper stand."
16,30,sidewalk,true,waterfront,125,"Sidewalk outside a bustling cafe."
17,30,sidewalk,true,waterfront,125,"Sidewalk outside a bustling cafe."
15,31,sidewalk,true,waterfront,125,"Sidewalk with a newspaper stand."
16,31,building,false,waterfront,125,"A small grocery store packed with goods."
17,31,sidewalk,true,waterfront,125,"Sidewalk with a bike rack and a bench."
15,32,sidewalk,true,waterfront,125,"Sidewalk outside a bustling cafe."
16,32,sidewalk,true,waterfront,125,"Sidewalk with a bike rack and a bench."
17,32,sidewalk,true,waterfront,125,"You are on a busy sidewalk in front of a shop."
18,30,sidewalk,true,mixed-use,126,"Sidewalk with a bike rack and a bench."
19,30,sidewalk,true,mixed-use,126,"A quiet sidewalk lined with trees."
20,30,sidewalk,true,mixed-use,126,"A quiet sidewalk lined with trees."
18,31,sidewalk,true,mixed-use,126,"Sidewalk with a newspaper stand."
19,31,building,false,mixed-use,126,"A quiet office space with large windows."
20,31,sidewalk,true,mixed-use,126,"You are on a busy sidewalk in front of a shop."
18,32,sidewalk,true,mixed-use,126,"Sidewalk with a newspaper stand."
19,32,sidewalk,true,mixed-use,126,"A quiet sidewalk lined with trees."
20,32,sidewalk,true,mixed-use,126,"Sidewalk outside a bustling cafe."
21,30,sidewalk,true,civic,127,"Sidewalk with a newspaper stand."
22,30,sidewalk,true,civic,127,"A quiet sidewalk lined with trees."
23,30,sidewalk,true,civic,127,"Sidewalk with a bike rack and a bench."
21,31,sidewalk,true,civic,127,"You are on a busy sidewalk in front of a shop."
22,31,building,false,civic,127,"A cozy bakery with the smell of fresh bread."
23,31,sidewalk,true,civic,127,"You are on a busy sidewalk in front of a shop."
21,32,sidewalk,true,civic,127,"You are on a busy sidewalk in front of a shop."
22,32,sidewalk,true,civic,127,"Sidewalk with a bike rack and a bench."
23,32,sidewalk,true,civic,127,"A quiet sidewalk lined with trees."
24,30,sidewalk,true,residential,128,"Sidewalk with a newspaper stand."
25,30,sidewalk,true,residential,128,"Sidewalk with a newspaper stand."
26,30,sidewalk,true,residential,128,"Sidewalk with a newspaper stand."
24,31,sidewalk,true,residential,128,"Sidewalk with a bike rack and a bench."
25,31,building,false,residential,128,"A small grocery store packed with goods."
26,31,sidewalk,true,residential,128,"Sidewalk outside a bustling cafe."
24,32,sidewalk,true,residential,128,"Sidewalk with a bike rack and a bench."
25,32,sidewalk,true,residential,128,"Sidewalk with a newspaper stand."
26,32,sidewalk,true,residential,128,"A quiet sidewalk lined with trees."
27,30,sidewalk,true,commercial,129,"A quiet sidewalk lined with trees."
28,30,sidewalk,true,commercial,129,"A quiet sidewalk lined with trees."
29,30,sidewalk,true,commercial,129,"A quiet sidewalk lined with trees."
27,31,sidewalk,true,commercial,129,"A quiet sidewalk lined with trees."
28,31,building,false,commercial,129,"A quiet office space with large windows."
29,31,sidewalk,true,commercial,129,"Sidewalk with a bike rack and a bench."
27,32,sidewalk,true,commercial,129,"A quiet sidewalk lined with trees."
28,32,sidewalk,true,commercial,129,"Sidewalk with a bike rack and a bench."
29,32,sidewalk,true,commercial,129,"A quiet sidewalk lined with trees."
30,30,sidewalk,true,park,130,"Sidewalk with a bike rack and a bench."
31,30,sidewalk,true,park,130,"A quiet sidewalk lined with trees."
32,30,sidewalk,true,park,130,"A quiet sidewalk lined with trees."
30,31,sidewalk,true,park,130,"You are on a busy sidewalk in front of a shop."
31,31,building,false,park,130,"A lively coffee shop with people chatting."
32,31,sidewalk,true,park,130,"Sidewalk with a bike rack and a bench."
30,32,sidewalk,true,park,130,"Sidewalk outside a bustling cafe."
31,32,sidewalk,true,park,130,"A quiet sidewalk lined with trees."
32,32,sidewalk,true,park,130,"Sidewalk with a bike rack and a bench."
33,30,sidewalk,true,downtown,131,"Sidewalk outside a bustling cafe."
34,30,sidewalk,true,downtown,131,"Sidewalk with a newspaper stand."
35,30,sidewalk,true,downtown,131,"Sidewalk outside a bustling cafe."
33,31,sidewalk,true,downtown,131,"A quiet sidewalk lined with trees."
34,31,building,false,downtown,131,"A quiet office space with large windows."
35,31,sidewalk,true,downtown,131,"Sidewalk with a newspaper stand."
33,32,sidewalk,true,downtown,131,"Sidewalk with a bike rack and a bench."
34,32,sidewalk,true,downtown,131,"Sidewalk with a newspaper stand."
35,32,sidewalk,true,downtown,131,"Sidewalk with a bike rack and a bench."
0,33,sidewalk,true,industrial,132,"Sidewalk with a newspaper stand."
1,33,sidewalk,true,industrial,132,"Sidewalk outside a bustling cafe."
2,33,sidewalk,true,industrial,132,"You are on a busy sidewalk in front of a shop."
0,34,sidewalk,true,industrial,132,"Sidewalk outside a bustling cafe."
1,34,building,false,industrial,132,"You are inside a bustling apartment building."
2,34,sidewalk,true,industrial,132,"Sidewalk with a newspaper stand."
0,35,sidewalk,true,industrial,132,"Sidewalk outside a bustling cafe."
1,35,sidewalk,true,industrial,132,"Sidewalk outside a bustling cafe."
2,35,sidewalk,true,industrial,132,"Sidewalk outside a bustling cafe."
3,33,sidewalk,true,waterfront,133,"Sidewalk with a bike rack and a bench."
4,33,sidewalk,true,waterfront,133,"You are on a busy sidewalk in front of a shop."
5,33,sidewalk,true,waterfront,133,"Sidewalk with a newspaper stand."
3,34,sidewalk,true,waterfront,133,"Sidewalk outside a bustling cafe."
4,34,building,false,waterfront,133,"A small grocery store packed with goods."
5,34,sidewalk,true,waterfront,133,"You are on a busy sidewalk in front of a shop."
3,35,sidewalk,true,waterfront,133,"Sidewalk outside a bustling cafe."
4,35,sidewalk,true,waterfront,133,"Sidewalk with a bike rack and a bench."
5,35,sidewalk,true,waterfront,133,"Sidewalk with a bike rack and a bench."
6,33,sidewalk,true,mixed-use,134,"Sidewalk with a newspaper stand."
7,33,sidewalk,true,mixed-use,134,"Sidewalk with a bike rack and a bench."
8,33,sidewalk,true,mixed-use,134,"Sidewalk with a newspaper stand."
6,34,sidewalk,true,mixed-use,134,"Sidewalk with a bike rack and a bench."
7,34,building,false,mixed-use,134,"You are inside a bustling apartment building."
8,34,sidewalk,true,mixed-use,134,"You are on a busy sidewalk in front of a shop."
6,35,sidewalk,true,mixed-use,134,"Sidewalk outside a bustling cafe."
7,35,sidewalk,true,mixed-use,134,"You are on a busy sidewalk in front of a shop."
8,35,sidewalk,true,mixed-use,134,"Sidewalk outside a bustling cafe."
9,33,sidewalk,true,civic,135,"Sidewalk outside a bustling cafe."
10,33,sidewalk,true,civic,135,"A quiet sidewalk lined with trees."
11,33,sidewalk,true,civic,135,"Sidewalk with a newspaper stand."
9,34,sidewalk,true,civic,135,"You are on a busy sidewalk in front of a shop."
10,34,building,false,civic,135,"You are inside a bustling apartment building."
11,34,sidewalk,true,civic,135,"Sidewalk outside a bustling cafe."
9,35,sidewalk,true,civic,135,"You are on a busy sidewalk in front of a shop."
10,35,sidewalk,true,civic,135,"You are on a busy sidewalk in front of a shop."
11,35,sidewalk,true,civic,135,"Sidewalk outside a bustling cafe."
12,33,sidewalk,true,residential,136,"You are on a busy sidewalk in front of a shop."
13,33,sidewalk,true,residential,136,"You are on a busy sidewalk in front of a shop."
14,33,sidewalk,true,residential,136,"You are on a busy sidewalk in front of a shop."
12,34,sidewalk,true,residential,136,"Sidewalk with a bike rack and a bench."
13,34,building,false,residential,136,"A lively coffee shop with people chatting."
14,34,sidewalk,true,residential,136,"A quiet sidewalk lined with trees."
12,35,sidewalk,true,residential,136,"A quiet sidewalk lined with trees."
13,35,sidewalk,true,residential,136,"Sidewalk outside a bustling cafe."
14,35,sidewalk,true,residential,136,"Sidewalk with a bike rack and a bench."
15,33,sidewalk,true,commercial,137,"A quiet sidewalk lined with trees."
16,33,sidewalk,true,commercial,137,"You are on a busy sidewalk in front of a shop."
17,33,sidewalk,true,commercial,137,"Sidewalk outside a bustling cafe."
15,34,sidewalk,true,commercial,137,"You are on a busy sidewalk in front of a shop."
16,34,building,false,commercial,137,"A small grocery store packed with goods."
17,34,sidewalk,true,commercial,137,"Sidewalk with a newspaper stand."
15,35,sidewalk,true,commercial,137,"A quiet sidewalk lined with trees."
16,35,sidewalk,true,commercial,137,"Sidewalk with a newspaper stand."
17,35,sidewalk,true,commercial,137,"Sidewalk outside a bustling cafe."
18,33,sidewalk,true,park,138,"You are on a busy sidewalk in front of a shop."
19,33,sidewalk,true,park,138,"Sidewalk outside a bustling cafe."
20,33,sidewalk,true,park,138,"Sidewalk with a bike rack and a bench."
18,34,sidewalk,true,park,138,"Sidewalk outside a bustling cafe."
19,34,building,false,park,138,"A cozy bakery with the smell of fresh bread."
20,34,sidewalk,true,park,138,"Sidewalk outside a bustling cafe."
18,35,sidewalk,true,park,138,"A quiet sidewalk lined with trees."
19,35,sidewalk,true,park,138,"Sidewalk with a newspaper stand."
20,35,sidewalk,true,park,138,"A quiet sidewalk lined with trees."
21,33,sidewalk,true,downtown,139,"Sidewalk with a newspaper stand."
22,33,sidewalk,true,downtown,139,"Sidewalk outside a bustling cafe."
23,33,sidewalk,true,downtown,139,"A quiet sidewalk lined with trees."
21,34,sidewalk,true,downtown,139,"Sidewalk with a bike rack and a bench."
22,34,building,false,downtown,139,"A quiet office space with large windows."
23,34,sidewalk,true,downtown,139,"Sidewalk outside a bustling cafe."
21,35,sidewalk,true,downtown,139,"Sidewalk outside a bustling cafe."
22,35,sidewalk,true,downtown,139,"Sidewalk with a bike rack and a bench."
23,35,sidewalk,true,downtown,139,"Sidewalk with a bike rack and a bench."
24,33,sidewalk,true,industrial,140,"A quiet sidewalk lined with trees."
25,33,sidewalk,true,industrial,140,"Sidewalk with a newspaper stand."
26,33,sidewalk,true,industrial,140,"Sidewalk with a bike rack and a bench."
24,34,sidewalk,true,industrial,140,"You are on a busy sidewalk in front of a shop."
25,34,building,false,industrial,140,"A small grocery store packed with goods."
26,34,sidewalk,true,industrial,140,"Sidewalk with a newspaper stand."
24,35,sidewalk,true,industrial,140,"Sidewalk with a bike rack and a bench."
25,35,sidewalk,true,industrial,140,"A quiet sidewalk lined with trees."
26,35,sidewalk,true,industrial,140,"You are on a busy sidewalk in front of a shop."
27,33,sidewalk,true,waterfront,141,"Sidewalk with a bike rack and a bench."
28,33,sidewalk,true,waterfront,141,"A quiet sidewalk lined with trees."
29,33,sidewalk,true,waterfront,141,"Sidewalk outside a bustling cafe."
27,34,sidewalk,true,waterfront,141,"A quiet sidewalk lined with trees."
28,34,building,false,waterfront,141,"A small grocery store packed with goods."
29,34,sidewalk,true,waterfront,141,"Sidewalk outside a bustling cafe."
27,35,sidewalk,true,waterfront,141,"Sidewalk outside a bustling cafe."
28,35,sidewalk,true,waterfront,141,"Sidewalk with a newspaper stand."
29,35,sidewalk,true,waterfront,141,"Sidewalk outside a bustling cafe."
30,33,sidewalk,true,mixed-use,142,"Sidewalk with a newspaper stand."
31,33,sidewalk,true,mixed-use,142,"You are on a busy sidewalk in front of a shop."
32,33,sidewalk,true,mixed-use,142,"Sidewalk outside a bustling cafe."
30,34,sidewalk,true,mixed-use,142,"Sidewalk with a newspaper stand."
31,34,building,false,mixed-use,142,"A small grocery store packed with goods."
32,34,sidewalk,true,mixed-use,142,"Sidewalk outside a bustling cafe."
30,35,sidewalk,true,mixed-use,142,"Sidewalk with a bike rack and a bench."
31,35,sidewalk,true,mixed-use,142,"Sidewalk with a bike rack and a bench."
32,35,sidewalk,true,mixed-use,142,"Sidewalk with a newspaper stand."
33,33,sidewalk,true,civic,143,"Sidewalk outside a bustling cafe."
34,33,sidewalk,true,civic,143,"Sidewalk with a newspaper stand."
35,33,sidewalk,true,civic,143,"You are on a busy sidewalk in front of a shop."
33,34,sidewalk,true,civic,143,"A quiet sidewalk lined with trees."
34,34,building,false,civic,143,"A cozy bakery with the smell of fresh bread."
35,34,sidewalk,true,civic,143,"Sidewalk with a bike rack and a bench."
33,35,sidewalk,true,civic,143,"A quiet sidewalk lined with trees."
34,35,sidewalk,true,civic,143,"A quiet sidewalk lined with trees."
35,35,sidewalk,true,civic,143,"You are on a busy sidewalk in front of a shop."